date,sp500,shanghai_composite,dxy,usd_cny,crude_oil_wti,steel_futures,aluminum_futures,soybeans
2020-01-02,3257.85009765625,3085.197998046875,96.8499984741211,0.14363275468349457,61.18000030517578,587.0,1812.5,944.25
2020-01-03,3234.85009765625,3083.785888671875,96.83999633789062,0.1436080038547516,63.04999923706055,590.0,1830.0,930.5
2020-01-06,3246.280029296875,3083.407958984375,96.66999816894531,0.14358532428741455,63.27000045776367,586.0,1842.0,932.75
2020-01-07,3237.179931640625,3104.802001953125,96.9800033569336,0.14337944984436035,62.70000076293945,591.0,1822.0,935.0
2020-01-08,3253.050048828125,3066.89306640625,97.30000305175781,0.14400091767311096,59.61000061035156,581.0,1802.75,938.25
2020-01-09,3274.699951171875,3094.882080078125,97.44999694824219,0.1439843326807022,59.560001373291016,581.0,1803.5,933.75
2020-01-10,3265.35009765625,3092.291015625,97.36000061035156,0.1438497006893158,59.040000915527344,584.0,1811.5,935.0
2020-01-13,3288.1298828125,3115.570068359375,97.3499984741211,0.14473246037960052,58.08000183105469,584.0,1798.0,929.25
2020-01-14,3283.14990234375,3106.820068359375,97.37000274658203,0.145081028342247,58.22999954223633,582.0,1809.0,928.5
2020-01-15,3289.2900390625,3090.0400390625,97.2300033569336,0.1449212282896042,57.810001373291016,582.0,1800.25,928.75
2020-01-16,3316.81005859375,3074.0810546875,97.31999969482422,0.1451420933008194,58.52000045776367,582.0,1811.0,924.0
2020-01-17,3329.6201171875,3075.49609375,97.61000061035156,0.14538899064064026,58.540000915527344,581.0,1809.25,929.75
2020-01-21,3320.7900390625,3052.139892578125,97.52999877929688,0.14564944803714752,58.34000015258789,587.0,1827.0,916.0
2020-01-22,3321.75,3060.7548828125,97.52999877929688,0.14482678472995758,56.7400016784668,581.0,1814.0,913.75
2020-01-23,3325.5400390625,2976.528076171875,97.69000244140625,0.14480790495872498,55.59000015258789,583.0,1792.5,909.5
2020-01-24,3295.469970703125,,97.8499984741211,0.14418363571166992,54.189998626708984,582.0,1786.0,902.0
2020-01-27,3243.6298828125,,97.95999908447266,0.14418154954910278,53.13999938964844,582.0,1769.75,897.25
2020-01-28,3276.239990234375,,98.0199966430664,0.14418154954910278,53.47999954223633,582.0,1764.5,895.0
2020-01-29,3273.39990234375,,97.98999786376953,0.14418154954910278,53.33000183105469,580.0,1743.0,893.0
2020-01-30,3283.659912109375,,97.87000274658203,0.14418154954910278,52.13999938964844,580.0,1751.75,876.25
2020-01-31,3225.52001953125,,97.38999938964844,0.14418154954910278,51.560001373291016,578.0,1741.75,872.5
2020-02-03,3248.919921875,2746.60595703125,97.80000305175781,0.14418154954910278,50.11000061035156,579.0,1706.75,877.0
2020-02-04,3297.590087890625,2783.2880859375,97.95999908447266,0.14243796467781067,49.61000061035156,579.0,1712.0,879.5
2020-02-05,3334.68994140625,2818.087890625,98.2699966430664,0.14290818572044373,50.75,579.0,1728.0,880.0
2020-02-06,3345.780029296875,2866.510009765625,98.5,0.14341440796852112,50.95000076293945,578.0,1757.0,881.0
2020-02-07,3327.7099609375,2875.9599609375,98.68000030517578,0.14347614347934723,50.31999969482422,578.0,1737.0,882.0
2020-02-10,3352.090087890625,2890.488037109375,98.83000183105469,0.14284490048885345,49.56999969482422,578.0,1724.5,884.25
2020-02-11,3357.75,2901.669921875,98.72000122070312,0.14319467544555664,49.939998626708984,577.0,1749.75,884.75
2020-02-12,3379.449951171875,2926.89892578125,99.05000305175781,0.14357708394527435,51.16999816894531,578.0,1749.0,892.5
2020-02-13,3373.93994140625,2906.073974609375,99.06999969482422,0.14345143735408783,51.41999816894531,578.0,1754.75,896.25
2020-02-14,3380.159912109375,2917.008056640625,99.12000274658203,0.14334040880203247,52.04999923706055,576.0,1739.5,893.75
2020-02-18,3370.2900390625,2984.971923828125,99.45999908447266,0.14328084886074066,52.04999923706055,580.0,1718.75,892.25
2020-02-19,3386.14990234375,2975.402099609375,99.5999984741211,0.14293473958969116,53.290000915527344,576.0,1718.75,897.25
2020-02-20,3373.22998046875,3030.154052734375,99.87000274658203,0.1429143100976944,53.779998779296875,581.0,1709.5,892.75
2020-02-21,3337.75,3039.6689453125,99.26000213623047,0.14240145683288574,53.380001068115234,581.0,1704.0,890.5
2020-02-24,3225.889892578125,3031.23291015625,99.29000091552734,0.14232444763183594,51.43000030517578,581.0,1693.25,874.25
2020-02-25,3128.2099609375,3013.050048828125,98.97000122070312,0.14227989315986633,49.900001525878906,581.0,1697.5,879.0
2020-02-26,3116.389892578125,2987.928955078125,99.0,0.14211812615394592,48.72999954223633,572.0,1684.5,881.0
2020-02-27,2978.760009765625,2991.330078125,98.44000244140625,0.14204949140548706,47.09000015258789,580.0,1683.75,886.25
2020-02-28,2954.219970703125,2880.303955078125,98.12999725341797,0.14278574287891388,44.7599983215332,590.0,1684.0,883.5
2020-03-02,3090.22998046875,2970.930908203125,97.36000061035156,0.14304310083389282,46.75,589.0,1708.0,890.5
2020-03-03,3003.3701171875,2992.89697265625,97.1500015258789,0.14286121726036072,47.18000030517578,592.0,1717.25,893.0
2020-03-04,3130.1201171875,3011.666015625,97.33999633789062,0.14365752041339874,46.779998779296875,588.0,1721.25,898.75
2020-03-05,3023.93994140625,3071.677001953125,96.81999969482422,0.1435667723417282,45.900001525878906,586.0,1709.25,889.0
2020-03-06,2972.3701171875,3034.510986328125,95.94999694824219,0.14417532086372375,41.279998779296875,580.0,1675.25,883.25
2020-03-09,2746.56005859375,2943.291015625,94.9000015258789,0.14427724480628967,31.1299991607666,579.0,1660.75,863.5
2020-03-10,2882.22998046875,2996.761962890625,96.41000366210938,0.14397604763507843,34.36000061035156,572.0,1686.0,873.0
2020-03-11,2741.3798828125,2968.51708984375,96.51000213623047,0.1437690556049347,32.97999954223633,572.0,1681.0,867.75
2020-03-12,2480.639892578125,2923.486083984375,97.47000122070312,0.1436864137649536,31.5,571.0,1655.5,855.0
2020-03-13,2711.02001953125,2887.427001953125,98.75,0.1422758400440216,31.729999542236328,571.0,1668.0,846.75
2020-03-16,2386.1298828125,2789.25390625,98.08999633789062,0.1427103579044342,28.700000762939453,570.0,1677.75,821.75
2020-03-17,2529.18994140625,2779.64111328125,99.58000183105469,0.14300628006458282,26.950000762939453,575.0,1653.0,824.25
2020-03-18,2398.10009765625,2728.756103515625,101.16000366210938,0.1427307277917862,20.3700008392334,577.0,1631.5,825.5
2020-03-19,2409.389892578125,2702.1298828125,102.76000213623047,0.1419164389371872,25.219999313354492,577.0,1625.5,843.25
2020-03-20,2304.919921875,2745.617919921875,102.81999969482422,0.14069248735904694,22.43000030517578,573.0,1588.25,862.5
2020-03-23,2237.39990234375,2660.169921875,102.48999786376953,0.14094829559326172,23.360000610351562,573.0,1559.0,884.0
2020-03-24,2447.330078125,2722.43798828125,101.73999786376953,0.1410178691148758,24.010000228881836,573.0,1559.25,886.75
2020-03-25,2475.56005859375,2781.591064453125,101.05000305175781,0.14160294830799103,24.489999771118164,532.0,1547.5,881.5
2020-03-26,2630.070068359375,2764.910888671875,99.41999816894531,0.1405777782201767,22.600000381469727,539.0,1530.75,880.25
2020-03-27,2541.469970703125,2772.202880859375,98.37000274658203,0.14138072729110718,21.510000228881836,535.0,1539.0,881.5
2020-03-30,2626.64990234375,2747.214111328125,99.18000030517578,0.14093835651874542,20.09000015258789,533.0,1530.0,882.25
2020-03-31,2584.590087890625,2750.2958984375,99.05000305175781,0.14086094498634338,20.479999542236328,527.0,1512.0,886.0
2020-04-01,2470.5,2734.52197265625,99.66999816894531,0.1412150114774704,20.309999465942383,515.0,1488.75,862.75
2020-04-02,2526.89990234375,2780.637939453125,100.18000030517578,0.1408589631319046,25.31999969482422,518.0,1492.5,858.75
2020-04-03,2488.64990234375,2763.987060546875,100.58000183105469,0.1411791294813156,28.34000015258789,519.0,1478.0,854.25
2020-04-06,2663.679931640625,,100.69000244140625,0.1410178691148758,26.079999923706055,518.0,1457.5,855.5
2020-04-07,2659.409912109375,2820.762939453125,99.9800033569336,0.1410178691148758,23.6299991607666,510.0,1473.0,854.75
2020-04-08,2749.97998046875,2815.368896484375,100.12000274658203,0.1419486701488495,25.09000015258789,514.0,1452.0,854.5
2020-04-09,2789.820068359375,2825.904052734375,99.5199966430664,0.14154481887817383,22.760000228881836,510.0,1460.25,863.5
2020-04-13,2761.6298828125,2783.048095703125,99.3499984741211,0.14214439690113068,22.40999984741211,516.0,1460.25,854.25
2020-04-14,2846.06005859375,2827.282958984375,98.88999938964844,0.1418117880821228,20.110000610351562,518.0,1475.0,847.0
2020-04-15,2783.360107421875,2811.174072265625,99.45999908447266,0.1418781876564026,19.8700008392334,519.0,1475.25,842.0
2020-04-16,2799.550048828125,2819.93505859375,100.02999877929688,0.14151276648044586,19.8700008392334,520.0,1499.5,836.75
2020-04-17,2874.56005859375,2838.4951171875,99.77999877929688,0.14126688241958618,18.270000457763672,520.0,1502.5,832.5
2020-04-20,2823.159912109375,2852.552978515625,99.95999908447266,0.14139871299266815,-37.630001068115234,520.0,1491.0,826.5
2020-04-21,2736.56005859375,2827.012939453125,100.26000213623047,0.1413947194814682,10.010000228881836,517.0,1484.0,830.75
2020-04-22,2799.31005859375,2843.97998046875,100.38999938964844,0.1414267122745514,13.779999732971191,518.0,1510.0,834.75
2020-04-23,2797.800048828125,2838.4990234375,100.43000030517578,0.1411811262369156,16.5,518.0,1501.25,839.25
2020-04-24,2836.739990234375,2808.529052734375,100.37999725341797,0.1415388137102127,16.940000534057617,516.0,1499.5,832.25
2020-04-27,2878.47998046875,2815.4951171875,100.04000091552734,0.14122498035430908,12.779999732971191,516.0,1497.25,829.0
2020-04-28,2863.389892578125,2810.02392578125,99.87000274658203,0.1411372870206833,12.34000015258789,515.0,1492.0,826.0
2020-04-29,2939.510009765625,2822.44189453125,99.56999969482422,0.14128084480762482,15.0600004196167,461.0,1502.5,831.75
2020-04-30,2912.429931640625,2860.08203125,99.0199966430664,0.14133477210998535,18.84000015258789,468.0,1491.25,850.25
2020-05-01,2830.7099609375,,98.80000305175781,0.14161698520183563,19.780000686645508,480.0,1489.5,847.25
2020-05-04,2842.739990234375,,99.4800033569336,0.1416129767894745,20.389999389648438,483.0,1479.0,834.0
2020-05-05,2868.43994140625,,99.70999908447266,0.1416129767894745,24.559999465942383,485.0,1482.25,838.25
2020-05-06,2848.419921875,2878.139892578125,100.08999633789062,0.1416129767894745,23.989999771118164,475.0,1477.75,830.5
2020-05-07,2881.18994140625,2871.52294921875,99.88999938964844,0.1407736986875534,23.549999237060547,474.0,1479.25,841.5
2020-05-08,2929.800048828125,2895.340087890625,99.7300033569336,0.14116717875003815,24.739999771118164,479.0,1479.25,848.75
2020-05-11,2930.18994140625,2894.800048828125,100.23999786376953,0.14138072729110718,24.139999389648438,473.0,1482.75,852.25
2020-05-12,2870.1201171875,2891.555908203125,99.93000030517578,0.14088475704193115,25.780000686645508,472.0,1469.75,849.25
2020-05-13,2820.0,2898.050048828125,100.23999786376953,0.14120106399059296,25.290000915527344,473.0,1467.5,836.0
2020-05-14,2852.5,2870.342041015625,100.47000122070312,0.1410178691148758,27.559999465942383,475.0,1467.5,835.25
2020-05-15,2863.699951171875,2868.458984375,100.4000015258789,0.1409502923488617,29.43000030517578,474.0,1467.5,838.5
2020-05-18,2953.909912109375,2875.41796875,99.66999816894531,0.14082126319408417,31.81999969482422,474.0,1481.25,845.0
2020-05-19,2922.93994140625,2898.575927734375,99.37000274658203,0.1406746655702591,32.5,474.0,1478.5,842.5
2020-05-20,2971.610107421875,2883.738037109375,99.12000274658203,0.1408807933330536,33.4900016784668,470.0,1498.75,846.75
2020-05-21,2948.510009765625,2867.924072265625,99.37000274658203,0.14099399745464325,33.91999816894531,472.0,1506.75,835.0
2020-05-22,2955.449951171875,2813.764892578125,99.86000061035156,0.14056196808815002,33.25,472.0,1489.75,833.25
2020-05-26,2991.77001953125,2846.547119140625,98.91000366210938,0.14014041423797607,34.349998474121094,468.0,1502.75,847.0
2020-05-27,3036.1298828125,2836.803955078125,99.05999755859375,0.1401718556880951,32.810001373291016,510.0,1513.0,848.5
2020-05-28,3029.72998046875,2846.221923828125,98.37999725341797,0.1395050287246704,33.709999084472656,515.0,1530.75,847.0
2020-05-29,3044.31005859375,2852.35107421875,98.33999633789062,0.1399541050195694,35.4900016784668,513.0,1532.25,840.75
2020-06-01,3055.72998046875,2915.430908203125,97.83000183105469,0.14012864232063293,35.439998626708984,515.0,1535.75,840.5
2020-06-02,3080.820068359375,2921.39794921875,97.66999816894531,0.1403173953294754,36.810001373291016,513.0,1557.25,850.5
2020-06-03,3122.8701171875,2923.37109375,97.27999877929688,0.14084705710411072,37.290000915527344,510.0,1572.5,857.5
2020-06-04,3112.35009765625,2919.2509765625,96.68000030517578,0.14055407047271729,37.40999984741211,517.0,1569.25,867.75
2020-06-05,3193.929931640625,2930.799072265625,96.94000244140625,0.1406628042459488,39.54999923706055,517.0,1596.75,867.75
2020-06-08,3232.389892578125,2937.77099609375,96.62000274658203,0.1412229984998703,38.189998626708984,515.0,1617.5,864.75
2020-06-09,3207.179931640625,2956.112060546875,96.31999969482422,0.14143671095371246,38.939998626708984,518.0,1613.0,863.25
2020-06-10,3190.139892578125,2943.7529296875,95.95999908447266,0.14131678640842438,39.599998474121094,512.0,1633.0,865.5
2020-06-11,3002.10009765625,2920.89697265625,96.7300033569336,0.14164306223392487,36.34000015258789,510.0,1604.0,866.0
2020-06-12,3041.31005859375,2919.740966796875,97.31999969482422,0.1415608525276184,36.2599983215332,511.0,1604.0,871.25
2020-06-15,3066.590087890625,2890.030029296875,96.68000030517578,0.14119507372379303,37.119998931884766,511.0,1572.0,869.0
2020-06-16,3124.739990234375,2931.75,96.95999908447266,0.1410278081893921,38.380001068115234,513.0,1593.5,867.0
2020-06-17,3113.489990234375,2935.8701171875,97.16000366210938,0.14112333953380585,37.959999084472656,503.0,1602.25,871.25
2020-06-18,3115.340087890625,2939.320068359375,97.41999816894531,0.1411532312631607,38.84000015258789,500.0,1607.75,873.0
2020-06-19,3097.739990234375,2967.6298828125,97.62000274658203,0.14107556641101837,39.75,501.0,1585.5,876.5
2020-06-22,3117.860107421875,2965.27197265625,97.04000091552734,0.14141671359539032,40.459999084472656,499.0,1595.25,876.25
2020-06-23,3131.2900390625,2970.6201171875,96.69000244140625,0.1414947509765625,40.369998931884766,500.0,1586.0,875.0
2020-06-24,3050.330078125,2979.551025390625,97.1500015258789,0.14169523119926453,38.0099983215332,495.0,1567.25,870.75
2020-06-25,3083.760009765625,,97.43000030517578,0.1412988156080246,38.720001220703125,495.0,1563.25,869.25
2020-06-26,3009.050048828125,,97.5,0.1412988156080246,38.4900016784668,492.0,1588.5,865.0
2020-06-29,3053.239990234375,2961.51611328125,97.54000091552734,0.1412988156080246,39.70000076293945,489.0,1597.75,866.5
2020-06-30,3100.2900390625,2984.674072265625,97.38999938964844,0.14125092327594757,39.27000045776367,488.0,1617.5,884.25
2020-07-01,3115.860107421875,3025.98095703125,97.19999694824219,0.1415548324584961,39.81999969482422,491.0,1619.75,893.75
2020-07-02,3130.010009765625,3090.569091796875,97.31999969482422,0.1414407193660736,40.650001525878906,490.0,1617.75,892.5
2020-07-06,3179.719970703125,3332.881103515625,96.79000091552734,0.14153480529785156,40.630001068115234,491.0,1618.25,898.5
2020-07-07,3145.320068359375,3345.3369140625,96.87999725341797,0.14250494539737701,40.619998931884766,485.0,1609.75,895.25
2020-07-08,3169.93994140625,3403.43994140625,96.43000030517578,0.1425943672657013,40.900001525878906,481.0,1642.5,894.75
2020-07-09,3152.050048828125,3450.593994140625,96.69999694824219,0.14278574287891388,39.619998931884766,481.0,1635.75,898.25
2020-07-10,3185.0400390625,3383.322021484375,96.6500015258789,0.1429980993270874,40.54999923706055,481.0,1654.5,891.5
2020-07-13,3155.219970703125,3443.285888671875,96.45999908447266,0.1430206000804901,40.099998474121094,481.0,1653.75,876.5
2020-07-14,3197.52001953125,3414.618896484375,96.26000213623047,0.14293065667152405,40.290000915527344,481.0,1637.5,882.25
2020-07-15,3226.56005859375,3361.303955078125,96.08000183105469,0.1429429054260254,41.20000076293945,476.0,1621.25,886.25
2020-07-16,3215.570068359375,3210.09912109375,96.3499984741211,0.14310654997825623,40.75,475.0,1629.75,893.5
2020-07-17,3224.72998046875,3214.12890625,95.94000244140625,0.1430983692407608,40.59000015258789,475.0,1632.0,898.0
2020-07-20,3251.840087890625,3314.14892578125,95.83000183105469,0.14303696155548096,40.810001373291016,480.0,1635.5,903.0
2020-07-21,3257.300048828125,3320.89501953125,95.12000274658203,0.14321929216384888,41.959999084472656,475.0,1654.5,896.5
2020-07-22,3276.02001953125,3333.1640625,94.97000122070312,0.14327263832092285,41.900001525878906,475.0,1651.75,899.25
2020-07-23,3235.659912109375,3325.110107421875,94.69000244140625,0.14288367331027985,41.06999969482422,475.0,1661.25,906.25
2020-07-24,3215.6298828125,3196.76806640625,94.44000244140625,0.1427939087152481,41.290000915527344,475.0,1660.25,904.75
2020-07-27,3239.409912109375,3205.22705078125,93.66999816894531,0.14252932369709015,41.599998474121094,475.0,1668.5,906.5
2020-07-28,3218.43994140625,3227.9599609375,93.76000213623047,0.14299605786800385,41.040000915527344,487.0,1688.75,896.75
2020-07-29,3258.43994140625,3294.552001953125,93.26000213623047,0.14286325871944427,41.27000045776367,482.0,1688.25,891.5
2020-07-30,3246.219970703125,3286.822021484375,93.0199966430664,0.14285102486610413,39.91999816894531,478.0,1690.0,891.75
2020-07-31,3271.1201171875,3310.007080078125,93.48999786376953,0.14270831644535065,40.27000045776367,482.0,1693.0,897.5
2020-08-03,3294.610107421875,3367.966064453125,93.5,0.1433856189250946,41.0099983215332,483.0,1732.5,897.5
2020-08-04,3306.510009765625,3371.68994140625,93.37999725341797,0.1432787925004959,41.70000076293945,474.0,1759.5,883.75
2020-08-05,3327.77001953125,3377.56005859375,92.83000183105469,0.14341646432876587,42.189998626708984,469.0,1752.0,882.0
2020-08-06,3349.159912109375,3386.4599609375,92.79000091552734,0.14420442283153534,41.95000076293945,467.0,1759.0,880.75
2020-08-07,3351.280029296875,3354.034912109375,93.44000244140625,0.14383521676063538,41.220001220703125,467.0,1753.25,870.25
2020-08-10,3360.469970703125,3379.251953125,93.58000183105469,0.14353379607200623,41.939998626708984,467.0,1764.75,876.5
2020-08-11,3333.68994140625,3340.2900390625,93.62999725341797,0.14366164803504944,41.61000061035156,465.0,1765.75,878.0
2020-08-12,3380.35009765625,3319.26611328125,93.44000244140625,0.14398226141929626,42.66999816894531,453.0,1761.5,890.5
2020-08-13,3373.429931640625,3320.72607421875,93.33999633789062,0.14417116343975067,42.2400016784668,451.0,1732.75,907.25
2020-08-14,3372.85009765625,3360.09912109375,93.0999984741211,0.14401750266551971,42.0099983215332,452.0,1704.75,903.5
2020-08-17,3381.989990234375,3438.801025390625,92.8499984741211,0.14389730989933014,42.88999938964844,452.0,1721.75,912.5
2020-08-18,3389.780029296875,3451.089111328125,92.2699966430664,0.1442626714706421,42.88999938964844,452.0,1749.0,912.0
2020-08-19,3374.85009765625,3408.12890625,92.88999938964844,0.14449195563793182,42.93000030517578,448.0,1772.75,912.5
2020-08-20,3385.510009765625,3363.89892578125,92.79000091552734,0.14452537894248962,42.58000183105469,447.0,1768.75,903.0
2020-08-21,3397.159912109375,3380.68310546875,93.25,0.14461733400821686,42.34000015258789,449.0,1746.0,900.75
2020-08-24,3431.280029296875,3385.637939453125,93.30000305175781,0.1445399969816208,42.619998931884766,447.0,1741.0,899.75
2020-08-25,3443.6201171875,3373.577880859375,93.0199966430664,0.14453165233135223,43.349998474121094,447.0,1745.5,913.75
2020-08-26,3478.72998046875,3329.739013671875,93.01000213623047,0.1446780115365982,43.38999938964844,508.0,1744.75,919.5
2020-08-27,3484.550048828125,3350.110107421875,93.01000213623047,0.14524538815021515,43.040000915527344,517.0,1746.25,937.25
2020-08-28,3508.010009765625,3403.806884765625,92.37000274658203,0.14515472948551178,42.970001220703125,518.0,1777.25,950.5
2020-08-31,3500.31005859375,3395.677978515625,92.13999938964844,0.14567916095256805,42.61000061035156,518.0,1777.25,951.25
2020-09-01,3526.64990234375,3410.60693359375,92.33999633789062,0.14603443443775177,42.7599983215332,523.0,1793.0,955.0
2020-09-02,3580.840087890625,3404.802001953125,92.8499984741211,0.14646649360656738,41.5099983215332,527.0,1770.25,962.5
2020-09-03,3455.06005859375,3384.98095703125,92.73999786376953,0.14625656604766846,41.369998931884766,527.0,1762.5,968.75
2020-09-04,3426.9599609375,3355.366943359375,92.72000122070312,0.14607496559619904,39.77000045776367,532.0,1769.25,969.5
2020-09-08,3331.840087890625,3316.4169921875,93.4800033569336,0.1464235931634903,36.7599983215332,532.0,1781.5,973.0
2020-09-09,3398.9599609375,3254.6279296875,93.26000213623047,0.14608991146087646,38.04999923706055,535.0,1766.0,979.75
2020-09-10,3339.18994140625,3234.822998046875,93.33999633789062,0.14637431502342224,37.29999923706055,536.0,1775.5,985.0
2020-09-11,3340.969970703125,3260.345947265625,93.33000183105469,0.1463421732187271,37.33000183105469,538.0,1764.5,1005.5
2020-09-14,3383.5400390625,3278.81396484375,93.06999969482422,0.1463400423526764,37.2599983215332,540.0,1786.5,1019.25
2020-09-15,3401.199951171875,3295.679931640625,93.05000305175781,0.14686228334903717,38.279998779296875,540.0,1773.0,991.5
2020-09-16,3385.489990234375,3283.924072265625,93.20999908447266,0.14748609066009521,40.15999984741211,547.0,1774.25,1011.25
2020-09-17,3357.010009765625,3270.43505859375,92.97000122070312,0.14806699752807617,40.970001220703125,548.0,1758.75,1028.5
2020-09-18,3319.469970703125,3338.090087890625,92.93000030517578,0.14783932268619537,41.11000061035156,549.0,1771.75,1043.5
2020-09-21,3281.06005859375,3316.93505859375,93.54000091552734,0.14775413274765015,39.310001373291016,549.0,1758.5,1022.5
2020-09-22,3315.570068359375,3274.302001953125,93.98999786376953,0.14697885513305664,39.599998474121094,551.0,1761.25,1019.75
2020-09-23,3236.919921875,3279.7109375,94.38999938964844,0.14752744138240814,39.93000030517578,546.0,1744.75,1014.5
2020-09-24,3246.590087890625,3223.176025390625,94.3499984741211,0.1468666046857834,40.310001373291016,548.0,1732.75,1000.0
2020-09-25,3298.4599609375,3219.41796875,94.58000183105469,0.14646220207214355,40.25,550.0,1743.75,1002.5
2020-09-28,3351.60009765625,3217.534912109375,94.26000213623047,0.14656738936901093,40.599998474121094,550.0,1768.75,996.25
2020-09-29,3335.469970703125,3224.35888671875,93.88999938964844,0.1468256264925003,39.290000915527344,550.0,1786.5,993.0
2020-09-30,3363.0,3218.052001953125,93.88999938964844,0.14672653377056122,40.220001220703125,615.0,1778.5,1023.5
2020-10-01,3380.800048828125,,93.70999908447266,0.14728191494941711,38.720001220703125,624.0,1743.0,1023.5
2020-10-02,3348.419921875,,93.83999633789062,0.14728841185569763,37.04999923706055,626.0,1781.0,1020.75
2020-10-05,3408.60009765625,,93.51000213623047,0.1472797393798828,39.220001220703125,626.0,1783.5,1021.5
2020-10-06,3360.969970703125,,93.83000183105469,0.1472797393798828,40.66999816894531,631.0,1779.0,1044.0
2020-10-07,3419.43994140625,,93.62999725341797,0.1472797393798828,39.95000076293945,625.0,1800.5,1051.0
2020-10-08,3446.830078125,,93.61000061035156,0.14728191494941711,41.189998626708984,630.0,1826.5,1050.0
2020-10-09,3477.139892578125,3272.075927734375,93.05999755859375,0.14729276299476624,40.599998474121094,633.0,1870.5,1065.5
2020-10-12,3534.219970703125,3358.465087890625,93.06999969482422,0.1493942141532898,39.43000030517578,636.0,1875.75,1033.75
2020-10-13,3511.929931640625,3359.75,93.52999877929688,0.14827115833759308,40.20000076293945,639.0,1866.75,1044.0
2020-10-14,3488.669921875,3340.778076171875,93.37999725341797,0.14824697375297546,41.040000915527344,637.0,1859.75,1056.25
2020-10-15,3483.340087890625,3332.18310546875,93.86000061035156,0.14895138144493103,40.959999084472656,639.0,1861.5,1062.25
2020-10-16,3483.81005859375,3336.35791015625,93.68000030517578,0.14872321486473083,40.880001068115234,639.0,1871.75,1050.0
2020-10-19,3426.919921875,3312.669921875,93.43000030517578,0.1493295133113861,40.83000183105469,640.0,1858.0,1054.25
2020-10-20,3443.1201171875,3328.10009765625,93.06999969482422,0.14968492090702057,41.459999084472656,640.0,1841.0,1064.0
2020-10-21,3435.56005859375,3325.02001953125,92.61000061035156,0.14980824291706085,40.029998779296875,637.0,1851.5,1072.0
2020-10-22,3453.489990234375,3312.5,92.94999694824219,0.15037593245506287,40.63999938964844,645.0,1845.25,1073.75
2020-10-23,3465.389892578125,3277.9970703125,92.7699966430664,0.14962220191955566,39.849998474121094,645.0,1845.5,1083.75
2020-10-26,3400.969970703125,3251.118896484375,93.05000305175781,0.1495729684829712,38.560001373291016,645.0,1831.25,1087.75
2020-10-27,3390.679931640625,3254.31591796875,92.94000244140625,0.14900243282318115,39.56999969482422,645.0,1825.0,1082.25
2020-10-28,3271.030029296875,3269.239990234375,93.41000366210938,0.14915578067302704,37.38999938964844,698.0,1811.5,1057.25
2020-10-29,3310.110107421875,3272.72998046875,93.95999908447266,0.14863479137420654,36.16999816894531,700.0,1801.25,1051.75
2020-10-30,3269.9599609375,3224.532958984375,94.04000091552734,0.1489425003528595,35.790000915527344,699.0,1830.25,1056.5
2020-11-02,3310.239990234375,3225.1201171875,94.05000305175781,0.14949694275856018,36.810001373291016,,1873.25,1050.75
2020-11-03,3369.159912109375,3271.073974609375,93.55000305175781,0.14948353171348572,37.65999984741211,702.0,1901.75,1059.0
2020-11-04,3443.43994140625,3277.43994140625,93.41000366210938,0.14977683126926422,39.150001525878906,705.0,1908.75,1079.0
2020-11-05,3510.449951171875,3320.133056640625,92.52999877929688,0.15033072233200073,38.790000915527344,706.0,1895.5,1101.75
2020-11-06,3509.43994140625,3312.158935546875,92.2300033569336,0.15139587223529816,37.13999938964844,711.0,1905.25,1098.5
2020-11-09,3550.5,3373.72998046875,92.7300033569336,0.15127676725387573,40.290000915527344,717.0,1900.25,1105.0
2020-11-10,3545.530029296875,3360.14892578125,92.75,0.15087279677391052,41.36000061035156,714.0,1905.5,1138.25
2020-11-11,3572.659912109375,3342.202880859375,93.04000091552734,0.15117615461349487,41.45000076293945,715.0,1909.75,1143.25
2020-11-12,3537.010009765625,3338.679931640625,92.95999908447266,0.15081137418746948,41.119998931884766,715.0,1916.5,1137.0
2020-11-13,3585.14990234375,3310.10498046875,92.76000213623047,0.15127219259738922,40.130001068115234,716.0,1922.5,1141.5
2020-11-16,3626.909912109375,3346.968994140625,92.56999969482422,0.15139128267765045,41.34000015258789,719.0,1945.75,1153.5
2020-11-17,3609.530029296875,3339.89990234375,92.41999816894531,0.15188796818256378,41.43000030517578,717.0,1967.5,1169.75
2020-11-18,3567.7900390625,3347.302978515625,92.31999969482422,0.15255297720432281,41.81999969482422,715.0,1984.25,1175.75
2020-11-19,3581.8701171875,3363.087890625,92.29000091552734,0.15245063602924347,41.7400016784668,718.0,1971.0,1177.5
2020-11-20,3557.5400390625,3377.72998046875,92.38999938964844,0.15192027390003204,42.150001525878906,718.0,1971.75,1181.0
2020-11-23,3577.590087890625,3414.489990234375,92.51000213623047,0.1523948758840561,43.060001373291016,719.0,1947.5,1191.5
2020-11-24,3635.409912109375,3402.822998046875,92.2300033569336,0.15187183022499084,44.90999984741211,719.0,1960.0,1191.25
2020-11-25,3629.64990234375,3362.326904296875,91.98999786376953,0.15174046158790588,45.709999084472656,800.0,1948.75,1184.0
2020-11-27,3638.35009765625,3408.306884765625,91.79000091552734,0.15210281312465668,45.529998779296875,798.0,1977.75,1191.75
2020-11-30,3621.6298828125,3391.760009765625,91.87000274658203,0.1520681232213974,45.34000015258789,800.0,2029.75,1168.5
2020-12-01,3662.449951171875,3451.93994140625,91.30999755859375,0.15202651917934418,44.54999923706055,800.0,2052.75,1162.0
2020-12-02,3669.010009765625,3449.381103515625,91.12000274658203,0.1521884799003601,45.279998779296875,811.0,2058.5,1153.0
2020-12-03,3666.719970703125,3442.135986328125,90.70999908447266,0.15238328278064728,45.63999938964844,812.0,2023.75,1168.25
2020-12-04,3699.1201171875,3444.5810546875,90.69999694824219,0.1528724730014801,46.2599983215332,815.0,2043.5,1163.0
2020-12-07,3691.9599609375,3416.60400390625,90.79000091552734,0.15312528610229492,45.7599983215332,814.0,2017.75,1158.5
2020-12-08,3702.25,3410.179931640625,90.97000122070312,0.15316985547542572,45.599998474121094,814.0,1991.75,1145.75
2020-12-09,3672.820068359375,3371.964111328125,91.08999633789062,0.15309949219226837,45.52000045776367,847.0,2038.25,1158.5
2020-12-10,3668.10009765625,3373.27587890625,90.79000091552734,0.15285377204418182,46.779998779296875,850.0,2054.75,1152.75
2020-12-11,3663.4599609375,3347.19091796875,90.9800033569336,0.15280239284038544,46.56999969482422,852.0,2018.0,1160.5
2020-12-14,3647.489990234375,3369.1201171875,90.70999908447266,0.15277205407619476,46.9900016784668,851.0,2050.0,1169.5
2020-12-15,3694.6201171875,3367.22998046875,90.47000122070312,0.15267875790596008,47.619998931884766,862.0,2025.0,1184.25
2020-12-16,3701.169921875,3366.98291015625,90.44999694824219,0.15294495224952698,47.81999969482422,885.0,2044.25,1183.75
2020-12-17,3722.47998046875,3404.873046875,89.81999969482422,0.1531088799238205,48.36000061035156,875.0,2061.0,1201.25
2020-12-18,3709.409912109375,3394.89990234375,90.0199966430664,0.15309011936187744,49.099998474121094,875.0,2071.25,1220.0
2020-12-21,3694.919921875,3420.569091796875,90.04000091552734,0.15299877524375916,47.7400016784668,880.0,2035.25,1243.25
2020-12-22,3687.260009765625,3356.781982421875,90.6500015258789,0.15271371603012085,47.02000045776367,871.0,2007.5,1247.25
2020-12-23,3690.010009765625,3382.320068359375,90.41000366210938,0.15285377204418182,48.119998931884766,885.0,2022.75,1258.75
2020-12-24,3703.06005859375,3363.113037109375,90.33000183105469,0.15291455388069153,48.22999954223633,885.0,2022.75,1263.5
2020-12-28,3735.360107421875,3397.284912109375,90.33999633789062,0.1528864949941635,47.619998931884766,888.0,2022.75,1255.25
2020-12-29,3727.0400390625,3379.035888671875,90.01000213623047,0.1530081331729889,48.0,867.0,2002.25,1295.5
2020-12-30,3732.0400390625,3414.452880859375,89.62999725341797,0.15313935279846191,48.400001525878906,1015.0,2024.5,1303.75
2020-12-31,3756.070068359375,3473.069091796875,89.94000244140625,0.1533225029706955,48.52000045776367,1005.0,1990.0,1315.25
2021-01-04,3700.64990234375,3502.9580078125,89.87999725341797,0.15309247374534607,47.619998931884766,1023.0,2023.25,1316.5
2021-01-05,3726.860107421875,3528.677001953125,89.44000244140625,0.15478678047657013,49.93000030517578,1072.0,2050.0,1350.0
2021-01-06,3748.139892578125,3550.876953125,89.52999877929688,0.15491385757923126,50.630001068115234,1053.0,2038.0,1365.25
2021-01-07,3803.7900390625,3576.205078125,89.83000183105469,0.1547819823026657,50.83000183105469,1066.0,2039.25,1360.5
2021-01-08,3824.679931640625,3570.110107421875,90.0999984741211,0.1543876975774765,52.2400016784668,1070.0,2022.25,1375.75
2021-01-11,3799.610107421875,3531.498046875,90.54000091552734,0.15445685386657715,52.25,1065.0,2000.75,1374.5
2021-01-12,3801.18994140625,3608.340087890625,90.05000305175781,0.1543281376361847,53.209999084472656,1064.0,2015.5,1422.0
2021-01-13,3809.840087890625,3598.652099609375,90.31999969482422,0.15472929179668427,52.90999984741211,1060.0,2007.5,1411.0
2021-01-14,3795.5400390625,3565.905029296875,90.23999786376953,0.15463119745254517,53.56999969482422,1060.0,1997.75,1436.5
2021-01-15,3768.25,3566.3779296875,90.77999877929688,0.15448547899723053,52.36000061035156,1066.0,1973.25,1416.75
2021-01-19,3798.909912109375,3566.3798828125,90.5,0.15404997766017914,52.97999954223633,1065.0,1953.25,1385.75
2021-01-20,3851.85009765625,3583.092041015625,90.47000122070312,0.1543710082769394,53.2400016784668,1060.0,1929.5,1369.5
2021-01-21,3853.070068359375,3621.263916015625,90.12999725341797,0.15466946363449097,53.130001068115234,1063.0,2000.25,1370.25
2021-01-22,3841.469970703125,3606.75,90.23999786376953,0.15476521849632263,52.27000045776367,1058.0,1993.5,1311.75
2021-01-25,3855.360107421875,3624.238037109375,90.38999938964844,0.1543019413948059,52.77000045776367,1063.0,2015.5,1343.5
2021-01-26,3849.6201171875,3569.428955078125,90.16999816894531,0.15435194969177246,52.61000061035156,1063.0,2020.25,1370.25
2021-01-27,3750.77001953125,3573.340087890625,90.6500015258789,0.15471015870571136,52.849998474121094,1115.0,1996.25,1374.75
2021-01-28,3787.3798828125,3505.176025390625,90.45999908447266,0.1542709916830063,52.34000015258789,1138.0,1984.75,1353.25
2021-01-29,3714.239990234375,3483.069091796875,90.58000183105469,0.1550772339105606,52.20000076293945,1149.0,1982.0,1370.0
2021-02-01,3773.860107421875,3505.283935546875,91.0199966430664,0.15559843182563782,53.54999923706055,1152.0,1963.0,1365.25
2021-02-02,3826.31005859375,3533.68505859375,91.19999694824219,0.1546192467212677,54.7599983215332,1157.0,1966.5,1354.75
2021-02-03,3830.169921875,3517.30810546875,91.12000274658203,0.15488508343696594,55.689998626708984,1148.0,1973.25,1371.25
2021-02-04,3871.739990234375,3501.85888671875,91.52999877929688,0.15481793880462646,56.22999954223633,1151.0,1994.0,1372.5
2021-02-05,3886.830078125,3496.330078125,91.04000091552734,0.15454278886318207,56.849998474121094,1157.0,2018.75,1366.75
2021-02-08,3915.590087890625,3532.447021484375,90.93000030517578,0.15466229617595673,57.970001220703125,1160.0,2035.5,1387.75
2021-02-09,3911.22998046875,3603.489013671875,90.44000244140625,0.15508684515953064,58.36000061035156,1172.0,2063.5,1401.75
2021-02-10,3909.8798828125,3655.087890625,90.37000274658203,0.1554194837808609,58.68000030517578,1173.0,2080.75,1354.0
2021-02-11,3916.3798828125,,90.41999816894531,0.15486589074134827,58.2400016784668,1175.0,2084.0,1367.5
2021-02-12,3934.830078125,,90.4800033569336,0.1548730731010437,59.470001220703125,1170.0,2091.75,1372.0
2021-02-16,3932.590087890625,,90.51000213623047,0.15486589074134827,60.04999923706055,1170.0,2083.0,1384.75
2021-02-17,3931.330078125,,90.94999694824219,0.15486828982830048,61.13999938964844,1162.0,2116.25,1383.75
2021-02-18,3913.969970703125,3675.35693359375,90.58999633789062,0.15485629439353943,60.52000045776367,1162.0,2141.5,1375.0
2021-02-19,3906.7099609375,3696.16796875,90.36000061035156,0.15414971113204956,59.2400016784668,1162.0,2132.0,1377.25
2021-02-22,3876.5,3642.43994140625,90.01000213623047,0.15418298542499542,61.4900016784668,1165.0,2167.0,1383.75
2021-02-23,3881.3701171875,3636.360107421875,90.16999816894531,0.15472450852394104,61.66999816894531,1165.0,2156.25,1406.0
2021-02-24,3925.429931640625,3564.080078125,90.18000030517578,0.15472690761089325,63.220001220703125,1263.0,2189.75,1423.75
2021-02-25,3829.340087890625,3585.050048828125,90.12999725341797,0.15489467978477478,63.529998779296875,1260.0,2253.25,1406.0
2021-02-26,3811.14990234375,3509.080078125,90.93000030517578,0.15494747459888458,61.5,1264.0,2182.5,1405.25
2021-03-01,3901.820068359375,3551.39990234375,91.04000091552734,0.1543710082769394,60.63999938964844,1260.0,2146.25,1392.5
2021-03-02,3870.2900390625,3508.591064453125,90.79000091552734,0.15472210943698883,59.75,1270.0,2231.25,1414.0
2021-03-03,3819.719970703125,3576.89990234375,90.94999694824219,0.15457144379615784,61.279998779296875,1266.0,2221.0,1410.75
2021-03-04,3768.469970703125,3503.489990234375,91.62999725341797,0.1546359807252884,63.83000183105469,1268.0,2186.0,1415.25
2021-03-05,3841.93994140625,3501.987060546875,91.9800033569336,0.1545833945274353,66.08999633789062,1260.0,2194.75,1434.25
2021-03-08,3821.35009765625,3421.409912109375,92.30999755859375,0.15394799411296844,65.05000305175781,1264.0,2190.5,1437.75
2021-03-09,3875.43994140625,3359.2900390625,91.95999908447266,0.15326610207557678,64.01000213623047,1260.0,2185.0,1441.25
2021-03-10,3898.81005859375,3357.739990234375,91.79000091552734,0.15371371805667877,64.44000244140625,1258.0,2187.25,1411.5
2021-03-11,3939.340087890625,3436.830078125,91.41999816894531,0.15373025834560394,66.0199966430664,1258.0,2195.75,1415.5
2021-03-12,3943.340087890625,3453.080078125,91.68000030517578,0.15401200950145721,65.61000061035156,1258.0,2187.5,1415.75
2021-03-15,3968.93994140625,3419.949951171875,91.83000183105469,0.15388166904449463,65.38999938964844,1258.0,2233.5,1419.5
2021-03-16,3962.7099609375,3446.73291015625,91.87000274658203,0.15387219190597534,64.80000305175781,1258.0,2211.5,1423.25
2021-03-17,3974.1201171875,3445.551025390625,91.4000015258789,0.15372790396213531,64.5999984741211,1258.0,2249.5,1417.75
2021-03-18,3915.4599609375,3463.068115234375,91.8499984741211,0.1537846326828003,60.0,1258.0,2232.5,1392.25
2021-03-19,3913.10009765625,3404.659912109375,91.91999816894531,0.15373262763023376,61.41999816894531,1266.0,2256.25,1416.25
2021-03-22,3940.590087890625,3443.43994140625,91.80000305175781,0.15386982262134552,61.54999923706055,1265.0,2283.5,1417.5
2021-03-23,3910.52001953125,3411.510009765625,92.33999633789062,0.1536971926689148,57.7599983215332,1268.0,2240.0,1423.25
2021-03-24,3889.139892578125,3367.06005859375,92.52999877929688,0.15349429845809937,61.18000030517578,1272.0,2248.5,1432.75
2021-03-25,3909.52001953125,3363.590087890625,92.87999725341797,0.15350137650966644,58.560001373291016,1272.0,2247.25,1414.25
2021-03-26,3974.5400390625,3418.326904296875,92.7699966430664,0.1527930647134781,60.970001220703125,1271.0,2295.75,1400.5
2021-03-29,3971.090087890625,3435.300048828125,92.94000244140625,0.15289349853992462,61.560001373291016,1271.0,2277.75,1393.0
2021-03-30,3958.550048828125,3456.679931640625,93.30000305175781,0.15223713219165802,60.54999923706055,1277.0,2237.25,1366.75
2021-03-31,3972.889892578125,3441.909912109375,93.2300033569336,0.15218383073806763,59.15999984741211,1348.0,2215.0,1436.75
2021-04-01,4019.8701171875,3466.330078125,92.93000030517578,0.15264379978179932,61.45000076293945,1345.0,2234.5,1402.0
2021-04-05,4077.909912109375,,92.5999984741211,0.15228812396526337,58.650001525878906,1345.0,2234.5,1412.75
2021-04-06,4073.93994140625,3482.969970703125,92.33999633789062,0.15230204164981842,59.33000183105469,1360.0,2273.75,1418.75
2021-04-07,4079.949951171875,3479.6298828125,92.45999908447266,0.1529402881860733,59.77000045776367,1355.0,2266.25,1408.75
2021-04-08,4097.169921875,3482.550048828125,92.05999755859375,0.15288183093070984,59.599998474121094,1350.0,2290.5,1415.25
2021-04-09,4128.7998046875,3450.679931640625,92.16000366210938,0.15267175436019897,59.31999969482422,1350.0,2266.75,1403.0
2021-04-12,4127.990234375,3412.949951171875,92.13999938964844,0.1526251584291458,59.70000076293945,1354.0,2270.0,1382.0
2021-04-13,4141.58984375,3396.469970703125,91.8499984741211,0.15272071957588196,60.18000030517578,1357.0,2304.5,1389.5
2021-04-14,4124.66015625,3416.719970703125,91.69000244140625,0.15284442901611328,63.150001525878906,1358.0,2336.5,1410.0
2021-04-15,4170.419921875,3398.989990234375,91.66999816894531,0.1531839221715927,63.459999084472656,1359.0,2347.25,1418.25
2021-04-16,4185.47021484375,3426.6201171875,91.55999755859375,0.15334366261959076,63.130001068115234,1359.0,2327.5,1433.25
2021-04-19,4163.259765625,3477.550048828125,91.06999969482422,0.15358388423919678,63.380001068115234,1364.0,2340.75,1449.75
2021-04-20,4134.93994140625,3472.93994140625,91.23999786376953,0.15362633764743805,62.439998626708984,1354.0,2320.25,1472.0
2021-04-21,4173.419921875,3472.929931640625,91.16000366210938,0.15388166904449463,61.349998474121094,1360.0,2377.25,1497.25
2021-04-22,4134.97998046875,3465.110107421875,91.33000183105469,0.15408320724964142,61.43000030517578,1363.0,2368.0,1533.25
2021-04-23,4180.169921875,3474.169921875,90.86000061035156,0.15407608449459076,62.13999938964844,1363.0,2372.5,1539.75
2021-04-26,4187.6201171875,3441.169921875,90.80999755859375,0.15397880971431732,61.90999984741211,1360.0,2406.25,1569.0
2021-04-27,4186.72021484375,3442.610107421875,90.91000366210938,0.15421389043331146,62.939998626708984,1360.0,2398.0,1549.75
2021-04-28,4183.18017578125,3457.070068359375,90.61000061035156,0.1542709916830063,63.86000061035156,1500.0,2397.0,1557.75
2021-04-29,4211.47021484375,3474.89990234375,90.61000061035156,0.1543710082769394,65.01000213623047,1500.0,2419.0,1542.5
2021-04-30,4181.169921875,3446.860107421875,91.27999877929688,0.1545308381319046,63.58000183105469,1505.0,2413.0,1571.0
2021-05-03,4192.66015625,,90.94999694824219,0.15447594225406647,64.48999786376953,1492.0,2413.0,1560.25
2021-05-04,4164.66015625,,91.29000091552734,0.15449264645576477,65.69000244140625,1504.0,2436.0,1577.0
2021-05-05,4167.58984375,,91.30999755859375,0.15449264645576477,65.62999725341797,1508.0,2456.75,1582.0
2021-05-06,4201.6201171875,3441.280029296875,90.94999694824219,0.15448787808418274,64.70999908447266,1519.0,2504.75,1605.5
2021-05-07,4232.60009765625,3418.8701171875,90.2300033569336,0.15472210943698883,64.9000015258789,1519.0,2555.25,1621.0
2021-05-10,4188.43017578125,3427.989990234375,90.20999908447266,0.15548472106456757,64.91999816894531,1519.0,2549.0,1620.0
2021-05-11,4152.10009765625,3441.85009765625,90.13999938964844,0.15588220953941345,65.27999877929688,1519.0,2542.75,1637.5
2021-05-12,4063.0400390625,3462.75,90.70999908447266,0.1555621325969696,66.08000183105469,1510.0,2513.75,1660.5
2021-05-13,4112.5,3429.5400390625,90.75,0.15491385757923126,63.81999969482422,1500.0,2474.5,1612.25
2021-05-14,4173.85009765625,3490.3798828125,90.31999969482422,0.15501712262630463,65.37000274658203,1505.0,2475.75,1603.75
2021-05-17,4163.2900390625,3517.6201171875,90.22000122070312,0.15537360310554504,66.2699966430664,1490.0,2525.75,1587.5
2021-05-18,4127.830078125,3529.010009765625,89.75,0.15532290935516357,65.48999786376953,1496.0,2499.75,1574.25
2021-05-19,4115.68017578125,3510.9599609375,90.19000244140625,0.15566140413284302,63.36000061035156,1509.0,2434.75,1538.25
2021-05-20,4159.1201171875,3506.93994140625,89.80999755859375,0.1554243117570877,62.04999923706055,1512.0,2424.5,1533.25
2021-05-21,4155.85986328125,3486.56005859375,90.0199966430664,0.1554267257452011,63.58000183105469,1512.0,2388.5,1526.25
2021-05-24,4197.0498046875,3497.280029296875,89.83000183105469,0.15544363856315613,66.05000305175781,1512.0,2406.5,1522.75
2021-05-25,4188.1298828125,3581.340087890625,89.63999938964844,0.15580449998378754,66.06999969482422,1515.0,2393.5,1511.75
2021-05-26,4195.990234375,3593.360107421875,90.04000091552734,0.15600624680519104,66.20999908447266,1670.0,2424.5,1503.5
2021-05-27,4200.8798828125,3608.85009765625,89.97000122070312,0.15647739171981812,66.8499984741211,1665.0,2501.25,1537.0
2021-05-28,4204.10986328125,3600.780029296875,90.02999877929688,0.15669068694114685,66.31999969482422,1665.0,2519.5,1530.5
2021-06-01,4202.0400390625,3624.7099609375,89.83000183105469,0.1570105254650116,67.72000122070312,1654.0,2493.0,1548.5
2021-06-02,4208.1201171875,3597.139892578125,89.9000015258789,0.15672262012958527,68.83000183105469,1658.0,2465.25,1562.5
2021-06-03,4192.85009765625,3584.2099609375,90.5,0.15673735737800598,68.80999755859375,1650.0,2427.75,1549.25
2021-06-04,4229.89013671875,3591.840087890625,90.13999938964844,0.1561841070652008,69.62000274658203,1653.0,2478.25,1583.75
2021-06-07,4226.52001953125,3599.5400390625,89.94999694824219,0.1563892811536789,69.2300033569336,1648.0,2452.75,1560.25
2021-06-08,4227.259765625,3580.110107421875,90.08000183105469,0.15634039044380188,70.05000305175781,1650.0,2470.75,1580.0
2021-06-09,4219.5498046875,3591.39990234375,90.12000274658203,0.15626220405101776,69.95999908447266,1650.0,2475.25,1562.5
2021-06-10,4239.18017578125,3610.860107421875,90.08000183105469,0.15658028423786163,70.29000091552734,1647.0,2500.75,1544.0
2021-06-11,4247.43994140625,3589.75,90.55999755859375,0.1564382165670395,70.91000366210938,1647.0,2488.75,1508.5
2021-06-14,4255.14990234375,,90.5199966430664,0.1563061773777008,70.87999725341797,1655.0,2518.0,1472.25
2021-06-15,4246.58984375,3556.56005859375,90.54000091552734,0.15631838142871857,72.12000274658203,1658.0,2479.75,1465.75
2021-06-16,4223.7001953125,3518.330078125,91.12999725341797,0.15612801909446716,72.1500015258789,1660.0,2488.25,1448.5
2021-06-17,4221.85986328125,3525.60009765625,91.88999938964844,0.15633061528205872,71.04000091552734,1660.0,2420.0,1329.75
2021-06-18,4166.4501953125,3525.10009765625,92.2300033569336,0.15510128438472748,71.63999938964844,1661.0,2401.75,1396.0
2021-06-21,4224.7900390625,3529.179931640625,91.86000061035156,0.15498830378055573,73.66000366210938,1661.0,2420.5,1415.0
2021-06-22,4246.43994140625,3557.409912109375,91.7300033569336,0.1546575129032135,73.05999755859375,1658.0,2439.25,1394.5
2021-06-23,4241.83984375,3566.219970703125,91.80000305175781,0.1543138474225998,73.08000183105469,1658.0,2447.25,1385.0
2021-06-24,4266.490234375,3566.64990234375,91.81999969482422,0.15448787808418274,73.30000305175781,1664.0,2454.0,1371.25
2021-06-25,4280.7001953125,3607.56005859375,91.80999755859375,0.15453562140464783,74.05000305175781,1664.0,2502.0,1329.75
2021-06-28,4290.60986328125,3606.3701171875,91.87999725341797,0.15512774884700775,72.91000366210938,1664.0,2511.5,1357.0
2021-06-29,4291.7998046875,3573.179931640625,92.05000305175781,0.15491627156734467,72.9800033569336,1662.0,2569.0,1359.75
2021-06-30,4297.5,3591.199951171875,92.44000244140625,0.15472450852394104,73.47000122070312,1810.0,2548.75,1450.0
2021-07-01,4319.93994140625,3588.780029296875,92.5999984741211,0.15488986670970917,75.2300033569336,1808.0,2534.75,1446.75
2021-07-02,4352.33984375,3518.760009765625,92.2300033569336,0.15461686253547668,75.16000366210938,1789.0,2585.75,1451.75
2021-07-06,4343.5400390625,3530.260009765625,92.55000305175781,0.15473169088363647,73.37000274658203,1800.0,2556.0,1363.75
2021-07-07,4358.1298828125,3553.719970703125,92.63999938964844,0.15436625480651855,72.19999694824219,1785.0,2524.0,1386.5
2021-07-08,4320.81982421875,3525.5,92.36000061035156,0.15452368557453156,72.94000244140625,1780.0,2467.0,1390.25
2021-07-09,4369.5498046875,3524.090087890625,92.12999725341797,0.1541045755147934,74.55999755859375,1790.0,2521.75,1404.0
2021-07-12,4384.6298828125,3547.840087890625,92.2300033569336,0.15436862409114838,74.0999984741211,1790.0,2511.25,1432.5
2021-07-13,4369.2099609375,3566.52001953125,92.75,0.1544497013092041,75.25,1792.0,2559.25,1438.0
2021-07-14,4374.2998046875,3528.5,92.41000366210938,0.1546192467212677,73.12999725341797,1780.0,2542.5,1467.75
2021-07-15,4360.02978515625,3564.590087890625,92.62000274658203,0.154600128531456,71.6500015258789,1780.0,2534.75,1447.5
2021-07-16,4327.16015625,3539.300048828125,92.69000244140625,0.15479636192321777,71.80999755859375,1780.0,2506.25,1454.75
2021-07-19,4258.490234375,3539.1201171875,92.88999938964844,0.15436387062072754,66.41999816894531,1775.0,2440.0,1428.0
2021-07-20,4323.06005859375,3536.7900390625,92.97000122070312,0.15409745275974274,67.41999816894531,1780.0,2485.25,1443.5
2021-07-21,4358.68994140625,3562.660888671875,92.75,0.15422816574573517,70.30000305175781,1780.0,2478.0,1439.25
2021-07-22,4367.47998046875,3574.73388671875,92.81999969482422,0.15463119745254517,71.91000366210938,1780.0,2508.75,1416.25
2021-07-23,4411.7900390625,3550.39990234375,92.91000366210938,0.1545666754245758,72.06999969482422,1780.0,2531.25,1401.0
2021-07-26,4422.2998046875,3467.43994140625,92.6500015258789,0.15431146323680878,71.91000366210938,1781.0,2542.0,1412.75
2021-07-27,4401.4599609375,3381.179931640625,92.43000030517578,0.15428051352500916,71.6500015258789,1786.0,2515.25,1418.25
2021-07-28,4400.64013671875,3361.590087890625,92.31999969482422,0.15361692011356354,72.38999938964844,1880.0,2557.0,1432.0
2021-07-29,4419.14990234375,3411.719970703125,91.86000061035156,0.15409745275974274,73.62000274658203,1888.0,2620.75,1434.25
2021-07-30,4395.259765625,3397.360107421875,92.16999816894531,0.15491147339344025,73.94999694824219,1888.0,2624.25,1414.75
2021-08-02,4387.16015625,3464.2900390625,92.05000305175781,0.15478678047657013,71.26000213623047,1859.0,2647.0,1418.75
2021-08-03,4423.14990234375,3447.989990234375,92.08000183105469,0.15477479994297028,70.55999755859375,1840.0,2607.75,1392.25
2021-08-04,4402.66015625,3477.219970703125,92.2699966430664,0.15457861125469208,68.1500015258789,1870.0,2589.25,1403.5
2021-08-05,4429.10009765625,3466.550048828125,92.23999786376953,0.15467426180839539,69.08999633789062,1870.0,2610.25,1402.5
2021-08-06,4436.52001953125,3458.22998046875,92.80000305175781,0.15479157865047455,68.27999877929688,1885.0,2601.25,1422.25
2021-08-09,4432.35009765625,3494.6298828125,92.94999694824219,0.15426146984100342,66.4800033569336,1885.0,2570.75,1433.75
2021-08-10,4436.75,3529.929931640625,93.05999755859375,0.15419724583625793,68.29000091552734,1883.0,2596.75,1447.5
2021-08-11,4442.41015625,3532.6201171875,92.91000366210938,0.1542043834924698,69.25,1881.0,2607.75,1405.5
2021-08-12,4460.830078125,3524.739990234375,93.04000091552734,0.15436387062072754,69.08999633789062,1880.0,2593.5,1401.5
2021-08-13,4468.0,3516.300048828125,92.5199966430664,0.15436148643493652,68.44000244140625,1880.0,2618.0,1424.25
2021-08-16,4479.7099609375,3517.340087890625,92.62999725341797,0.15440677106380463,67.29000091552734,1895.0,2616.25,1376.0
2021-08-17,4448.080078125,3446.97607421875,93.12999725341797,0.15447355806827545,66.58999633789062,1885.0,2613.75,1369.0
2021-08-18,4400.27001953125,3485.285888671875,93.13999938964844,0.15419963002204895,65.45999908447266,1887.0,2572.5,1358.25
2021-08-19,4405.7998046875,3465.554931640625,93.56999969482422,0.1542448103427887,63.689998626708984,1880.0,2562.75,1323.0
2021-08-20,4441.669921875,3427.333984375,93.5,0.15399540960788727,62.31999969482422,1880.0,2566.5,1293.75
2021-08-23,4479.52978515625,3477.1298828125,92.95999908447266,0.1540452241897583,65.63999938964844,1884.0,2620.0,1294.0
2021-08-24,4486.22998046875,3514.470947265625,92.88999938964844,0.15432098507881165,67.54000091552734,1881.0,2647.5,1337.0
2021-08-25,4496.18994140625,3540.3798828125,92.83000183105469,0.15456189215183258,68.36000061035156,1935.0,2648.5,1346.0
2021-08-26,4470.0,3501.6640625,93.05999755859375,0.15444254875183105,67.41999816894531,1936.0,2655.5,1367.5
2021-08-27,4509.3701171875,3522.156982421875,92.69000244140625,0.15430907905101776,68.73999786376953,1941.0,2680.0,1359.25
2021-08-30,4528.7900390625,3528.15087890625,92.6500015258789,0.15454040467739105,69.20999908447266,1939.0,2673.0,1304.75
2021-08-31,4522.68017578125,3543.93994140625,92.62999725341797,0.1546766459941864,68.5,1945.0,2746.25,1298.75
2021-09-01,4524.08984375,3567.10009765625,92.44999694824219,0.15480834245681763,68.58999633789062,1939.0,2717.5,1277.75
2021-09-02,4536.9501953125,3597.0400390625,92.2300033569336,0.1548227220773697,69.98999786376953,1943.0,2723.25,1279.25
2021-09-03,4535.43017578125,3581.72998046875,92.04000091552734,0.15490907430648804,69.29000091552734,1941.0,2753.75,1283.0
2021-09-07,4520.02978515625,3676.590087890625,92.5199966430664,0.15487788617610931,68.3499984741211,1923.0,2787.75,1268.75
2021-09-08,4514.06982421875,3675.18994140625,92.6500015258789,0.15466707944869995,69.30000305175781,1923.0,2818.5,1270.75
2021-09-09,4493.27978515625,3693.1298828125,92.4800033569336,0.1547819823026657,68.13999938964844,1927.0,2864.25,1258.75
2021-09-10,4458.580078125,3703.110107421875,92.58000183105469,0.15493546426296234,69.72000122070312,1927.0,2948.0,1275.25
2021-09-13,4468.72998046875,3715.3701171875,92.62000274658203,0.15519757568836212,70.44999694824219,1925.0,2929.5,1272.5
2021-09-14,4443.0498046875,3662.60009765625,92.6500015258789,0.15501953661441803,70.45999908447266,1930.0,2866.5,1276.5
2021-09-15,4480.7001953125,3656.219970703125,92.48999786376953,0.15532049536705017,72.61000061035156,1923.0,2928.25,1294.5
2021-09-16,4473.75,3607.090087890625,92.86000061035156,0.15548714995384216,72.61000061035156,1923.0,2918.0,1296.0
2021-09-17,4432.990234375,3613.969970703125,93.19999694824219,0.15488027036190033,71.97000122070312,1936.0,2919.5,1284.0
2021-09-20,4357.72998046875,,93.23999786376953,0.15467426180839539,70.29000091552734,1935.0,2896.5,1262.5
2021-09-21,4354.18994140625,,93.19999694824219,0.15467903017997742,70.55999755859375,1935.0,2883.5,1274.0
2021-09-22,4395.64013671875,3628.489990234375,93.45999908447266,0.1546551138162613,72.2300033569336,1935.0,2976.0,1282.75
2021-09-23,4448.97998046875,3642.219970703125,93.0999984741211,0.1547795832157135,73.30000305175781,1930.0,2987.5,1284.25
2021-09-24,4455.47998046875,3613.070068359375,93.33000183105469,0.1548490971326828,73.9800033569336,1933.0,2958.0,1285.0
2021-09-27,4443.10986328125,3582.830078125,93.37999725341797,0.15466229617595673,75.44999694824219,1935.0,2923.25,1287.5
2021-09-28,4352.6298828125,3602.219970703125,93.7699966430664,0.15489467978477478,75.29000091552734,1929.0,2974.25,1277.0
2021-09-29,4359.4599609375,3536.2900390625,94.33999633789062,0.1548227220773697,74.83000183105469,1900.0,2965.25,1283.75
2021-09-30,4307.5400390625,3568.169921875,94.25,0.15456905961036682,75.02999877929688,1900.0,2903.0,1256.0
2021-10-01,4357.0400390625,,94.04000091552734,0.1551470011472702,75.87999725341797,1916.0,2902.25,1246.5
2021-10-04,4300.4599609375,,93.80999755859375,0.1551421880722046,77.62000274658203,1917.0,2957.25,1235.75
2021-10-05,4345.72021484375,,93.9800033569336,0.15515422821044922,78.93000030517578,1910.0,2966.5,1250.5
2021-10-06,4363.5498046875,,94.2699966430664,0.15515422821044922,77.43000030517578,1889.0,2942.0,1242.0
2021-10-07,4399.759765625,,94.22000122070312,0.15515422821044922,78.30000305175781,1881.0,2991.0,1247.25
2021-10-08,4391.33984375,3592.169921875,94.06999969482422,0.15515422821044922,79.3499984741211,1882.0,3011.25,1243.0
2021-10-11,4361.18994140625,3591.7099609375,94.31999969482422,0.15522406995296478,80.5199966430664,1898.0,3111.5,1228.25
2021-10-12,4350.64990234375,3546.93994140625,94.5199966430664,0.15504837036132812,80.63999938964844,1899.0,3108.75,1198.25
2021-10-13,4363.7998046875,3561.760009765625,94.08000183105469,0.15508684515953064,80.44000244140625,1895.0,3038.75,1195.25
2021-10-14,4438.259765625,3558.280029296875,93.95999908447266,0.15560327470302582,81.30999755859375,1897.0,3130.5,1206.25
2021-10-15,4471.3701171875,3572.3701171875,93.94000244140625,0.15530361235141754,82.27999877929688,1898.0,3171.0,1217.75
2021-10-18,4486.4599609375,3568.139892578125,93.94999694824219,0.1554049849510193,82.44000244140625,1893.0,3202.5,1221.5
2021-10-19,4519.6298828125,3593.14990234375,93.79000091552734,0.1555476039648056,82.95999908447266,1895.0,3138.25,1228.0
2021-10-20,4536.18994140625,3587.0,93.55999755859375,0.15669560432434082,83.87000274658203,1900.0,3108.75,1245.5
2021-10-21,4549.77978515625,3594.780029296875,93.7699966430664,0.15642353892326355,82.5,1902.0,2935.5,1224.0
2021-10-22,4544.89990234375,3582.60009765625,93.61000061035156,0.15645045042037964,83.76000213623047,1904.0,2907.75,1220.5
2021-10-25,4566.47998046875,3609.860107421875,93.80999755859375,0.1566440463066101,83.76000213623047,1903.0,2908.0,1237.25
2021-10-26,4574.7900390625,3597.639892578125,93.94999694824219,0.156624436378479,84.6500015258789,1911.0,2866.5,1238.0
2021-10-27,4551.68017578125,3562.31005859375,93.86000061035156,0.15670298039913177,82.66000366210938,1776.0,2716.5,1239.25
2021-10-28,4596.419921875,3518.419921875,93.3499984741211,0.15645533800125122,82.80999755859375,1798.0,2794.5,1233.75
2021-10-29,4605.3798828125,3547.340087890625,94.12000274658203,0.1564847230911255,83.56999969482422,1803.0,2758.5,1235.75
2021-11-01,4613.669921875,3544.47998046875,93.87999725341797,0.15613533556461334,84.05000305175781,1798.0,2776.25,1236.75
2021-11-02,4630.64990234375,3505.6298828125,94.08999633789062,0.15634281933307648,83.91000366210938,1780.0,2754.75,1244.0
2021-11-03,4660.56982421875,3498.5400390625,93.86000061035156,0.1562768518924713,80.86000061035156,1785.0,2712.5,1231.5
2021-11-04,4680.06005859375,3526.8701171875,94.3499984741211,0.15609878301620483,78.80999755859375,1790.0,2616.25,1209.25
2021-11-05,4697.52978515625,3491.570068359375,94.31999969482422,0.1563379466533661,81.2699966430664,1790.0,2595.75,1192.25
2021-11-08,4701.7001953125,3498.6298828125,94.05000305175781,0.15630128979682922,81.93000030517578,1805.0,2604.75,1178.0
2021-11-09,4685.25,3507.0,93.95999908447266,0.15645533800125122,84.1500015258789,1805.0,2560.5,1199.5
2021-11-10,4646.7099609375,3492.4599609375,94.8499984741211,0.15645290911197662,81.33999633789062,1809.0,2567.0,1203.5
2021-11-11,4649.27001953125,3532.7900390625,95.18000030517578,0.15654106438159943,81.58999633789062,1813.0,2634.0,1212.25
2021-11-12,4682.85009765625,3539.10009765625,95.12999725341797,0.1565067619085312,80.79000091552734,1812.0,2645.25,1234.0
2021-11-15,4682.7998046875,3533.300048828125,95.41000366210938,0.15677420794963837,80.87999725341797,1801.0,2607.75,1257.25
2021-11-16,4700.89990234375,3521.7900390625,95.91999816894531,0.15668822824954987,80.76000213623047,1802.0,2540.5,1251.25
2021-11-17,4688.669921875,3537.3701171875,95.83000183105469,0.15646758675575256,78.36000061035156,1798.0,2598.5,1277.0
2021-11-18,4704.5400390625,3520.7099609375,95.54000091552734,0.1568160057067871,79.01000213623047,1798.0,2603.0,1265.25
2021-11-19,4697.9599609375,3560.3701171875,96.06999969482422,0.15661706030368805,76.0999984741211,1800.0,2662.75,1263.25
2021-11-22,4682.93994140625,3582.080078125,96.5,0.1565876454114914,76.75,1802.0,2657.5,1274.25
2021-11-23,4690.7001953125,3589.089111328125,96.48999786376953,0.15663424134254456,78.5,1805.0,2648.0,1273.0
2021-11-24,4701.4599609375,3592.702880859375,96.83999633789062,0.15647493302822113,78.38999938964844,1661.0,2664.5,1266.5
2021-11-26,4594.6201171875,3564.090087890625,96.08999633789062,0.15659254789352417,68.1500015258789,1605.0,2581.25,1252.75
2021-11-29,4655.27001953125,3562.699951171875,96.33999633789062,0.15644554793834686,69.94999694824219,1606.0,2596.0,1241.5
2021-11-30,4567.0,3563.889892578125,95.98999786376953,0.1565680205821991,66.18000030517578,1610.0,2591.25,1217.25
2021-12-01,4513.0400390625,3576.889892578125,96.05000305175781,0.15715362131595612,65.56999969482422,1594.0,2628.5,1228.25
2021-12-02,4577.10009765625,3573.840087890625,96.12999725341797,0.1570524424314499,66.5,1600.0,2585.25,1244.25
2021-12-03,4538.43017578125,3607.429931640625,96.12000274658203,0.1568479835987091,66.26000213623047,1615.0,2596.25,1267.25
2021-12-06,4591.669921875,3589.31005859375,96.29000091552734,0.15685535967350006,69.48999786376953,1616.0,2566.75,1261.5
2021-12-07,4686.75,3595.090087890625,96.37000274658203,0.15686766803264618,72.05000305175781,1620.0,2601.75,1250.25
2021-12-08,4701.2099609375,3637.570068359375,95.88999938964844,0.1570771038532257,72.36000061035156,1616.0,2576.25,1261.0
2021-12-09,4667.4501953125,3673.0400390625,96.2699966430664,0.15763671696186066,70.94000244140625,1610.0,2579.5,1264.5
2021-12-10,4712.02001953125,3666.35009765625,96.05000305175781,0.15682584047317505,71.66999816894531,1606.0,2550.75,1267.75
2021-12-13,4668.97021484375,3681.080078125,96.31999969482422,0.15723270177841187,71.29000091552734,1607.0,2601.75,1244.0
2021-12-14,4634.08984375,3661.530029296875,96.56999969482422,0.15709684789180756,70.7300033569336,1608.0,2569.0,1259.5
2021-12-15,4709.85009765625,3647.6298828125,96.51000213623047,0.15707217156887054,70.87000274658203,1630.0,2540.0,1262.5
2021-12-16,4668.669921875,3675.02001953125,96.04000091552734,0.15707217156887054,72.37999725341797,1640.0,2611.25,1277.25
2021-12-17,4620.64013671875,3632.360107421875,96.56999969482422,0.15705491602420807,70.86000061035156,1647.0,2653.75,1285.25
2021-12-20,4568.02001953125,3593.60009765625,96.55000305175781,0.15688735246658325,68.2300033569336,1636.0,2602.0,1292.25
2021-12-21,4649.22998046875,3625.1298828125,96.48999786376953,0.15687258541584015,71.12000274658203,1638.0,2716.75,1308.0
2021-12-22,4696.56005859375,3622.6201171875,96.08000183105469,0.15697108209133148,72.76000213623047,1615.0,2803.75,1328.75
2021-12-23,4725.7900390625,3643.340087890625,96.0199966430664,0.15700805187225342,73.79000091552734,1616.0,2808.0,1332.0
2021-12-27,4791.18994140625,3615.969970703125,96.08999633789062,0.15706971287727356,75.56999969482422,1615.0,2808.0,1362.5
2021-12-28,4786.35009765625,3630.112060546875,96.19999694824219,0.15699079632759094,75.9800033569336,1615.0,2808.0,1359.25
2021-12-29,4793.06005859375,3597.0,95.93000030517578,0.15705491602420807,76.55999755859375,1421.0,2781.25,1356.5
2021-12-30,4778.72998046875,3619.18994140625,95.97000122070312,0.1570524424314499,76.98999786376953,1427.0,2782.5,1327.75
2021-12-31,4766.18017578125,3639.780029296875,95.66999816894531,0.15693414211273193,75.20999908447266,1435.0,2752.5,1328.75
2022-01-03,4796.56005859375,,96.23999786376953,0.15735888481140137,76.08000183105469,1438.0,2752.5,1344.0
2022-01-04,4793.5400390625,3632.330078125,96.29000091552734,0.157353937625885,76.98999786376953,1435.0,2802.75,1378.75
2022-01-05,4700.580078125,3595.179931640625,96.19000244140625,0.15737374126911163,77.8499984741211,1426.0,2876.0,1384.25
2022-01-06,4696.0498046875,3586.080078125,96.25,0.15738117694854736,79.45999908447266,1420.0,2890.0,1377.25
2022-01-07,4677.02978515625,3579.5400390625,95.73999786376953,0.15669314563274384,78.9000015258789,1415.0,2884.5,1401.5
2022-01-10,4670.2900390625,3593.52001953125,95.98999786376953,0.156833216547966,78.2300033569336,1406.0,2898.75,1374.75
2022-01-11,4713.06982421875,3567.43994140625,95.62000274658203,0.15688981115818024,81.22000122070312,1400.0,2951.0,1376.75
2022-01-12,4726.35009765625,3597.429931640625,95.0,0.15691442787647247,82.63999938964844,1435.0,2973.75,1391.25
2022-01-13,4659.02978515625,3555.260009765625,94.79000091552734,0.15729205310344696,82.12000274658203,1439.0,2944.0,1365.25
2022-01-14,4662.85009765625,3521.260009765625,95.16999816894531,0.15727968513965607,83.81999969482422,1437.0,2962.75,1356.75
2022-01-18,4577.10986328125,3569.909912109375,95.7300033569336,0.15756219625473022,85.43000030517578,1428.0,3001.0,1361.25
2022-01-19,4532.759765625,3558.179931640625,95.51000213623047,0.15742577612400055,86.95999908447266,1438.0,3038.25,1391.25
2022-01-20,4482.72998046875,3555.06005859375,95.73999786376953,0.1576416790485382,86.9000015258789,1438.0,3102.25,1425.75
2022-01-21,4397.93994140625,3522.570068359375,95.63999938964844,0.15774114429950714,85.13999938964844,1425.0,3026.0,1414.25
2022-01-24,4410.1298828125,3524.110107421875,95.91999816894531,0.15778595209121704,83.30999755859375,1426.0,3015.5,1403.0
2022-01-25,4356.4501953125,3433.06005859375,95.94999694824219,0.15798287093639374,85.5999984741211,1430.0,3077.75,1407.25
2022-01-26,4349.93017578125,3455.669921875,96.48999786376953,0.1580652892589569,87.3499984741211,1195.0,3078.0,1440.0
2022-01-27,4326.509765625,3394.25,97.26000213623047,0.15823785960674286,86.61000061035156,1175.0,3090.25,1448.25
2022-01-28,4431.85009765625,3361.43994140625,97.2699966430664,0.15706230700016022,86.81999969482422,1170.0,3128.25,1470.0
2022-01-31,4515.5498046875,,96.54000091552734,0.15745551884174347,88.1500015258789,1165.0,3078.25,1490.5
2022-02-01,4546.5400390625,,96.38999938964844,0.15724506974220276,88.19999694824219,1180.0,3077.5,1528.5
2022-02-02,4589.3798828125,,95.94000244140625,0.15724506974220276,88.26000213623047,1195.0,3029.0,1545.25
2022-02-03,4477.43994140625,,95.37999725341797,0.15724506974220276,90.2699966430664,1186.0,3080.0,1544.25
2022-02-04,4500.52978515625,,95.4800033569336,0.15724506974220276,92.30999755859375,1190.0,3114.25,1553.5
2022-02-07,4483.8701171875,3429.580078125,95.4000015258789,0.15724506974220276,91.31999969482422,1180.0,3167.75,1581.75
2022-02-08,4521.5400390625,3452.6298828125,95.63999938964844,0.15742328763008118,89.36000061035156,1164.0,3240.25,1569.0
2022-02-09,4587.18017578125,3479.949951171875,95.48999786376953,0.1570919156074524,89.66000366210938,1143.0,3313.0,1594.75
2022-02-10,4504.080078125,3485.909912109375,95.55000305175781,0.15719810128211975,89.87999725341797,1145.0,3319.0,1574.25
2022-02-11,4418.64013671875,3462.949951171875,96.08000183105469,0.15741585195064545,93.0999984741211,1131.0,3282.25,1583.0
2022-02-14,4401.669921875,3428.8798828125,96.37000274658203,0.15740348398685455,95.45999908447266,1131.0,3272.0,1570.0
2022-02-15,4471.06982421875,3446.090087890625,95.98999786376953,0.1573341339826584,92.06999969482422,1125.0,3272.5,1551.25
2022-02-16,4475.009765625,3465.830078125,95.69999694824219,0.15777848660945892,93.66000366210938,1117.0,3320.0,1587.5
2022-02-17,4380.259765625,3468.0400390625,95.80000305175781,0.15783825516700745,91.76000213623047,1117.0,3315.75,1592.0
2022-02-18,4348.8701171875,3490.760009765625,96.04000091552734,0.1578332632780075,91.06999969482422,1117.0,3304.5,1601.5
2022-02-22,4304.759765625,3457.14990234375,96.02999877929688,0.15787313878536224,92.3499984741211,1117.0,3342.0,1635.0
2022-02-23,4225.5,3489.14990234375,96.19000244140625,0.15809525549411774,92.0999984741211,990.0,3345.75,1675.0
2022-02-24,4288.7001953125,3429.9599609375,97.13999938964844,0.1584208607673645,92.80999755859375,994.0,3457.5,1661.5
2022-02-25,4384.64990234375,3451.409912109375,96.62000274658203,0.1580577939748764,91.58999633789062,1010.0,3406.0,1590.25
2022-02-28,4373.93994140625,3462.31005859375,96.70999908447266,0.15832805633544922,95.72000122070312,1056.0,3417.0,1644.25
2022-03-01,4306.259765625,3488.830078125,97.41000366210938,0.15851879119873047,103.41000366210938,1060.0,3516.0,1705.5
2022-03-02,4386.5400390625,3484.18994140625,97.38999938964844,0.15844093263149261,110.5999984741211,1057.0,3615.5,1677.5
2022-03-03,4363.490234375,3481.110107421875,97.79000091552734,0.15823785960674286,107.66999816894531,1085.0,3767.75,1680.25
2022-03-04,4328.8701171875,3447.64990234375,98.6500015258789,0.15824787318706512,115.68000030517578,1175.0,3873.0,1676.25
2022-03-07,4201.08984375,3372.860107421875,99.29000091552734,0.15831051766872406,119.4000015258789,1080.0,3745.5,1674.25
2022-03-08,4170.7001953125,3293.530029296875,99.05999755859375,0.15824536979198456,123.69999694824219,1065.0,3485.5,1704.5
2022-03-09,4277.8798828125,3256.389892578125,97.97000122070312,0.15828795731067657,108.69999694824219,1090.0,3286.5,1686.5
2022-03-10,4259.52001953125,3296.090087890625,98.51000213623047,0.15831302106380463,106.0199966430664,1102.0,3361.25,1700.0
2022-03-11,4204.31005859375,3309.75,99.12000274658203,0.15820781886577606,109.33000183105469,1125.0,3446.5,1690.75
2022-03-14,4173.10986328125,3223.530029296875,99.05999755859375,0.15776105225086212,103.01000213623047,1125.0,3321.5,1687.25
2022-03-15,4262.4501953125,3063.969970703125,99.06999969482422,0.15712153911590576,96.44000244140625,1125.0,3204.5,1658.75
2022-03-16,4357.85986328125,3170.7099609375,98.37999725341797,0.15700805187225342,95.04000091552734,1100.0,3238.75,1649.25
2022-03-17,4411.669921875,3215.0400390625,98.01000213623047,0.15745055675506592,102.9800033569336,1120.0,3316.25,1668.5
2022-03-18,4463.1201171875,3251.070068359375,98.2300033569336,0.15759199857711792,104.69999694824219,1134.0,3357.25,1668.0
2022-03-21,4461.18017578125,3253.68994140625,98.5,0.1572277545928955,112.12000274658203,1135.0,3469.75,1691.0
2022-03-22,4511.60986328125,3259.860107421875,98.48999786376953,0.15736879408359528,111.76000213623047,1138.0,3460.25,1696.5
2022-03-23,4456.240234375,3271.030029296875,98.62000274658203,0.15710178017616272,114.93000030517578,1130.0,3572.75,1718.75
2022-03-24,4520.16015625,3250.260009765625,98.79000091552734,0.1569538414478302,112.33999633789062,1117.0,3593.5,1700.75
2022-03-25,4543.06005859375,3212.239990234375,98.80999755859375,0.1570771038532257,113.9000015258789,1123.0,3571.5,1710.25
2022-03-28,4575.52001953125,3214.5,99.08999633789062,0.1571042537689209,105.95999908447266,1120.0,3585.5,1664.25
2022-03-29,4631.60009765625,3203.93994140625,98.4000015258789,0.1569686233997345,104.23999786376953,1122.0,3431.5,1643.0
2022-03-30,4602.4501953125,3266.60009765625,97.79000091552734,0.1571560949087143,107.81999969482422,1535.0,3553.5,1664.0
2022-03-31,4530.41015625,3252.199951171875,98.30999755859375,0.1575746089220047,100.27999877929688,1541.0,3500.0,1618.25
2022-04-01,4545.85986328125,3282.719970703125,98.62999725341797,0.15775607526302338,99.2699966430664,1540.0,3466.5,1582.75
2022-04-04,4582.64013671875,,98.98999786376953,0.1571808010339737,103.27999877929688,1526.0,3441.5,1602.25
2022-04-05,4525.1201171875,,99.47000122070312,0.15717339515686035,101.95999908447266,1530.0,3430.5,1631.0
2022-04-06,4481.14990234375,3283.429931640625,99.5999984741211,0.1571560949087143,96.2300033569336,1516.0,3405.0,1619.5
2022-04-07,4500.2099609375,3236.699951171875,99.75,0.15726979076862335,96.02999877929688,1514.0,3352.75,1645.5
2022-04-08,4488.27978515625,3251.85009765625,99.80000305175781,0.1572401225566864,98.26000213623047,1490.0,3340.75,1689.0
2022-04-11,4412.52978515625,3167.1298828125,99.93000030517578,0.15713387727737427,94.29000091552734,1475.0,3209.75,1655.25
2022-04-12,4397.4501953125,3213.330078125,100.29000091552734,0.15701791644096375,100.5999984741211,1470.0,3229.5,1670.25
2022-04-13,4446.58984375,3186.820068359375,99.87999725341797,0.15710920095443726,104.25,1469.0,3206.75,1676.0
2022-04-14,4392.58984375,3225.639892578125,100.31999969482422,0.15705491602420807,106.94999694824219,1479.0,3250.5,1682.25
2022-04-18,4391.68994140625,3195.52001953125,100.77999877929688,0.15698093175888062,108.20999908447266,1480.0,3250.5,1714.75
2022-04-19,4462.2099609375,3194.030029296875,100.95999908447266,0.1570795774459839,102.55999755859375,1465.0,3212.5,1716.5
2022-04-20,4459.4501953125,3151.050048828125,100.38999938964844,0.1564357727766037,102.75,1467.0,3237.5,1746.75
2022-04-21,4393.66015625,3079.81005859375,100.58000183105469,0.15581907331943512,103.79000091552734,1465.0,3264.0,1748.25
2022-04-22,4271.77978515625,3086.919921875,101.22000122070312,0.15505559742450714,102.06999969482422,1465.0,3203.0,1716.0
2022-04-25,4296.1201171875,2928.510009765625,101.75,0.15383905172348022,98.54000091552734,1466.0,3054.5,1703.5
2022-04-26,4175.2001953125,2886.429931640625,102.30000305175781,0.1524878442287445,101.69999694824219,1466.0,3040.25,1705.25
2022-04-27,4183.9599609375,2958.280029296875,102.94999694824219,0.15252505242824554,102.0199966430664,1370.0,3066.5,1726.5
2022-04-28,4287.5,2975.47998046875,103.62000274658203,0.15245063602924347,105.36000061035156,1390.0,2997.75,1706.5
2022-04-29,4131.93017578125,3047.06005859375,102.95999908447266,0.150936558842659,104.69000244140625,1400.0,3049.75,1708.25
2022-05-02,4155.3798828125,,103.73999786376953,0.15134316682815552,105.16999816894531,1400.0,3049.75,1674.0
2022-05-03,4175.47998046875,,103.47000122070312,0.15134316682815552,102.41000366210938,1370.0,2900.0,1659.0
2022-05-04,4300.169921875,,102.58999633789062,0.15134546160697937,107.80999755859375,1390.0,2958.5,1669.75
2022-05-05,4146.8701171875,3067.760009765625,103.75,0.15134316682815552,108.26000213623047,1395.0,2896.5,1678.5
2022-05-06,4123.33984375,3001.56005859375,103.66000366210938,0.15027198195457458,109.7699966430664,1378.0,2831.0,1655.5
2022-05-09,3991.239990234375,3004.139892578125,103.6500015258789,0.15002401173114777,103.08999633789062,1365.0,2740.75,1621.0
2022-05-10,4001.050048828125,3035.840087890625,103.91999816894531,0.14859281480312347,99.76000213623047,1363.0,2743.25,1630.0
2022-05-11,3935.179931640625,3058.699951171875,103.8499984741211,0.1485089659690857,105.70999908447266,1390.0,2769.25,1650.25
2022-05-12,3930.080078125,3054.989990234375,104.8499984741211,0.148794025182724,106.12999725341797,1380.0,2730.75,1660.25
2022-05-13,4023.889892578125,3084.280029296875,104.55999755859375,0.14736437797546387,110.48999786376953,1382.0,2774.0,1723.25
2022-05-16,4008.010009765625,3073.75,104.19000244140625,0.1473187953233719,114.19999694824219,1376.0,2808.75,1656.5
2022-05-17,4088.85009765625,3093.699951171875,103.36000061035156,0.1473817676305771,112.4000015258789,1377.0,2860.0,1678.0
2022-05-18,3923.679931640625,3085.97998046875,103.80999755859375,0.14845165610313416,109.58999633789062,1380.0,2831.25,1662.75
2022-05-19,3900.7900390625,3096.9599609375,102.72000122070312,0.14807356894016266,112.20999908447266,1377.0,2884.0,1690.5
2022-05-20,3901.360107421875,3146.570068359375,103.1500015258789,0.14898467063903809,113.2300033569336,1385.0,2927.25,1705.25
2022-05-23,3973.75,3146.860107421875,102.08000183105469,0.14943215250968933,110.29000091552734,1385.0,2933.25,1687.0
2022-05-24,3941.47998046875,3070.929931640625,101.86000061035156,0.1503804624080658,109.7699966430664,1385.0,2874.5,1693.0
2022-05-25,3978.72998046875,3107.4599609375,102.05999755859375,0.15030813217163086,110.33000183105469,1200.0,2848.5,1681.0
2022-05-26,4057.840087890625,3123.110107421875,101.83000183105469,0.14943885803222656,114.08999633789062,1200.0,2833.25,1726.5
2022-05-27,4158.240234375,3130.239990234375,101.66999816894531,0.1484163999557495,115.06999969482422,1195.0,2850.0,1732.25
2022-05-31,4132.14990234375,3186.429931640625,101.75,0.15014338493347168,114.66999816894531,1190.0,2763.5,1683.25
2022-06-01,4101.22998046875,3182.159912109375,102.55000305175781,0.1498868316411972,115.26000213623047,1161.0,2692.25,1690.25
2022-06-02,4176.81982421875,3195.4599609375,101.7699966430664,0.14958414435386658,116.87000274658203,1160.0,2692.0,1729.25
2022-06-03,4108.5400390625,,102.13999938964844,0.15016818046569824,118.87000274658203,1155.0,2692.0,1697.75
2022-06-06,4121.43017578125,3236.3701171875,102.44000244140625,0.15016593039035797,118.5,1155.0,2747.5,1699.25
2022-06-07,4160.68017578125,3241.760009765625,102.31999969482422,0.15031038224697113,119.41000366210938,1151.0,2742.5,1728.25
2022-06-08,4115.77001953125,3263.7900390625,102.54000091552734,0.14993177354335785,122.11000061035156,1150.0,2786.75,1740.0
2022-06-09,4017.820068359375,3238.949951171875,103.22000122070312,0.14964011311531067,121.51000213623047,1150.0,2727.75,1769.0
2022-06-10,3900.860107421875,3284.830078125,104.1500015258789,0.14945895969867706,120.66999816894531,1160.0,2638.75,1745.5
2022-06-13,3749.6298828125,3255.550048828125,105.08000183105469,0.14907795190811157,120.93000030517578,1138.0,2601.0,1707.5
2022-06-14,3735.47998046875,3288.909912109375,105.5199966430664,0.14807136356830597,118.93000030517578,1135.0,2531.25,1698.5
2022-06-15,3789.989990234375,3305.409912109375,105.16000366210938,0.14837895333766937,115.30999755859375,1135.0,2562.25,1693.75
2022-06-16,3666.77001953125,3285.3798828125,103.62999725341797,0.14898023009300232,117.58999633789062,1126.0,2474.25,1709.5
2022-06-17,3674.840087890625,3316.7900390625,104.69999694824219,0.14917802810668945,109.55999755859375,1126.0,2461.0,1702.0
2022-06-21,3764.7900390625,3306.719970703125,104.44000244140625,0.1494455486536026,110.6500015258789,1127.0,2490.0,1681.0
2022-06-22,3759.889892578125,3267.199951171875,104.19999694824219,0.14951258897781372,106.19000244140625,1118.0,2434.75,1652.75
2022-06-23,3795.72998046875,3320.14990234375,104.43000030517578,0.1492292284965515,104.2699966430664,1127.0,2436.0,1593.25
2022-06-24,3911.739990234375,3349.75,104.19000244140625,0.14931389689445496,107.62000274658203,1127.0,2411.5,1610.75
2022-06-27,3900.110107421875,3379.18994140625,103.94000244140625,0.1495036482810974,109.56999969482422,1127.0,2460.75,1630.5
2022-06-28,3821.550048828125,3409.2099609375,104.51000213623047,0.14946119487285614,111.76000213623047,1126.0,2440.5,1663.75
2022-06-29,3818.830078125,3361.52001953125,105.11000061035156,0.14909128844738007,109.77999877929688,945.0,2422.75,1674.25
2022-06-30,3785.3798828125,3398.6201171875,104.69000244140625,0.14925818145275116,105.76000213623047,930.0,2401.5,1675.0
2022-07-01,3825.330078125,3387.639892578125,105.13999938964844,0.14929383993148804,108.43000030517578,930.0,2389.25,1626.0
2022-07-05,3831.389892578125,3404.030029296875,106.5,0.14928492903709412,99.5,921.0,2342.0,1575.25
2022-07-06,3845.080078125,3355.35009765625,107.0999984741211,0.14883610606193542,98.52999877929688,923.0,2354.75,1580.25
2022-07-07,3902.6201171875,3364.39990234375,107.12999725341797,0.14910906553268433,102.7300033569336,921.0,2386.75,1591.25
2022-07-08,3899.3798828125,3356.080078125,107.01000213623047,0.1492425948381424,104.79000091552734,917.0,2383.75,1630.25
2022-07-11,3854.429931640625,3313.580078125,108.0199966430664,0.14938081800937653,104.08999633789062,915.0,2341.25,1641.0
2022-07-12,3818.800048828125,3281.469970703125,108.06999969482422,0.1488715559244156,95.83999633789062,910.0,2321.75,1592.75
2022-07-13,3801.780029296875,3284.2900390625,107.95999908447266,0.14873647689819336,96.30000305175781,923.0,2330.75,1588.25
2022-07-14,3790.3798828125,3281.739990234375,108.54000091552734,0.14886268973350525,95.77999877929688,917.0,2367.0,1610.0
2022-07-15,3863.159912109375,3228.06005859375,108.05999755859375,0.14803411066532135,97.58999633789062,915.0,2380.0,1466.0
2022-07-18,3830.85009765625,3278.10009765625,107.37000274658203,0.1480056345462799,102.5999984741211,915.0,2461.5,1497.25
2022-07-19,3936.68994140625,3279.429931640625,106.68000030517578,0.1483173370361328,104.22000122070312,915.0,2397.5,1477.25
2022-07-20,3959.89990234375,3304.719970703125,107.08000183105469,0.14828655123710632,102.26000213623047,915.0,2435.25,1449.0
2022-07-21,3998.949951171875,3272.0,106.91000366210938,0.14804068207740784,96.3499984741211,915.0,2427.5,1418.5
2022-07-22,3961.6298828125,3269.969970703125,106.7300033569336,0.1478065401315689,94.69999694824219,923.0,2483.0,1434.5
2022-07-25,3966.840087890625,3250.389892578125,106.4800033569336,0.148137167096138,96.69999694824219,923.0,2426.25,1473.0
2022-07-26,3921.050048828125,3277.43994140625,107.19000244140625,0.14815913140773773,94.9800033569336,918.0,2435.5,1532.75
2022-07-27,4023.610107421875,3275.760009765625,106.44999694824219,0.14787867665290833,97.26000213623047,850.0,2427.5,1578.75
2022-07-28,4072.429931640625,3282.580078125,106.3499984741211,0.14798590540885925,96.41999816894531,854.0,2457.0,1609.25
2022-07-29,4130.2900390625,3253.239990234375,105.9000015258789,0.14824038743972778,98.62000274658203,855.0,2463.5,1637.0
2022-08-01,4118.6298828125,3259.9599609375,105.44999694824219,0.14829754829406738,93.88999938964844,832.0,2407.25,1594.25
2022-08-02,4091.18994140625,3186.27001953125,106.23999786376953,0.14776068925857544,94.41999816894531,823.0,2386.5,1569.25
2022-08-03,4155.169921875,3163.669921875,106.51000213623047,0.14810864627361298,90.66000366210938,819.0,2349.5,1558.0
2022-08-04,4151.93994140625,3189.0400390625,105.69000244140625,0.14799466729164124,88.54000091552734,813.0,2372.75,1615.0
2022-08-05,4145.18994140625,3227.030029296875,106.62000274658203,0.14819645881652832,89.01000213623047,818.0,2396.75,1614.75
2022-08-08,4140.06005859375,3236.929931640625,106.44000244140625,0.14790929853916168,90.76000213623047,818.0,2427.5,1619.5
2022-08-09,4122.47021484375,3247.429931640625,106.37000274658203,0.14815033972263336,90.5,827.0,2470.75,1693.25
2022-08-10,4210.240234375,3230.02001953125,105.19999694824219,0.14811085164546967,91.93000030517578,822.0,2472.75,1688.75
2022-08-11,4207.27001953125,3281.669921875,105.08999633789062,0.1487475484609604,94.33999633789062,815.0,2505.25,1709.5
2022-08-12,4280.14990234375,3276.889892578125,105.62999725341797,0.148288756608963,92.08999633789062,812.0,2421.75,1669.25
2022-08-15,4297.14013671875,3276.090087890625,106.55000305175781,0.14832834899425507,89.41000366210938,803.0,2377.0,1494.0
2022-08-16,4305.2001953125,3277.8798828125,106.5,0.14766687154769897,86.52999877929688,795.0,2381.0,1454.25
2022-08-17,4274.0400390625,3292.530029296875,106.56999969482422,0.1473318189382553,88.11000061035156,795.0,2397.75,1475.25
2022-08-18,4283.740234375,3277.5400390625,107.4800033569336,0.14749479293823242,90.5,790.0,2393.5,1495.5
2022-08-19,4228.47998046875,3258.080078125,108.16999816894531,0.1473926305770874,90.7699966430664,787.0,2371.75,1488.75
2022-08-22,4137.990234375,3277.7900390625,109.05000305175781,0.1467200666666031,90.2300033569336,785.0,2377.25,1527.0
2022-08-23,4128.72998046875,3276.219970703125,108.62000274658203,0.14603017270565033,93.73999786376953,784.0,2412.5,1566.75
2022-08-24,4140.77001953125,3215.199951171875,108.68000030517578,0.14633575081825256,94.88999938964844,792.0,2420.25,1560.75
2022-08-25,4199.1201171875,3246.25,108.47000122070312,0.1458044797182083,92.5199966430664,793.0,2422.5,1552.5
2022-08-26,4057.659912109375,3236.219970703125,108.80000305175781,0.14602163434028625,93.05999755859375,794.0,2484.0,1605.25
2022-08-29,4030.610107421875,3240.72998046875,108.83999633789062,0.14554345607757568,97.01000213623047,792.0,2481.25,1534.75
2022-08-30,3986.159912109375,3227.219970703125,108.7699966430664,0.14478065073490143,91.63999938964844,790.0,2373.5,1513.0
2022-08-31,3955.0,3202.139892578125,108.69999694824219,0.1447010487318039,89.55000305175781,780.0,2341.75,1507.5
2022-09-01,3966.85009765625,3184.97998046875,109.69000244140625,0.14516106247901917,86.61000061035156,781.0,2277.25,1472.75
2022-09-02,3924.260009765625,3186.47998046875,109.52999877929688,0.14481210708618164,86.87000274658203,780.0,2276.5,1510.5
2022-09-06,3908.18994140625,3243.449951171875,110.20999908447266,0.14423562586307526,86.87999725341797,775.0,2248.0,1490.0
2022-09-07,3979.8701171875,3246.2900390625,109.83999633789062,0.14382073283195496,81.94000244140625,800.0,2221.0,1466.75
2022-09-08,4006.179931640625,3235.590087890625,109.70999908447266,0.14356882870197296,83.54000091552734,812.0,2240.25,1470.5
2022-09-09,4067.360107421875,3262.050048828125,109.0,0.14375044405460358,86.79000091552734,818.0,2275.75,1489.25
2022-09-12,4110.41015625,,108.33000183105469,0.1443939059972763,87.77999877929688,805.0,2272.5,1549.75
2022-09-13,3932.68994140625,3263.800048828125,109.81999969482422,0.1444043219089508,87.30999755859375,805.0,2299.5,1534.25
2022-09-14,3946.010009765625,3237.5400390625,109.66000366210938,0.14442309737205505,88.4800033569336,793.0,2259.25,1503.75
2022-09-15,3901.35009765625,3199.919921875,109.73999786376953,0.14365752041339874,85.0999984741211,800.0,2290.75,1451.5
2022-09-16,3873.330078125,3126.39990234375,109.76000213623047,0.14300014078617096,85.11000061035156,789.0,2264.25,1448.5
2022-09-19,3899.889892578125,3115.60009765625,109.73999786376953,0.14328700304031372,85.7300033569336,787.0,2235.5,1461.25
2022-09-20,3855.929931640625,3122.409912109375,110.22000122070312,0.14274294674396515,84.44999694824219,798.0,2228.25,1478.75
2022-09-21,3789.929931640625,3117.179931640625,110.63999938964844,0.14250698685646057,82.94000244140625,798.0,2179.75,1461.25
2022-09-22,3757.989990234375,3108.909912109375,111.3499984741211,0.14188623428344727,83.48999786376953,798.0,2207.75,1457.0
2022-09-23,3693.22998046875,3088.3701171875,113.19000244140625,0.14131079614162445,78.73999786376953,802.0,2157.5,1425.75
2022-09-26,3655.0400390625,3051.22998046875,114.0999984741211,0.1403036117553711,76.70999908447266,799.0,2126.25,1411.25
2022-09-27,3647.2900390625,3093.860107421875,114.11000061035156,0.13989928364753723,78.5,802.0,2098.75,1408.0
2022-09-28,3719.0400390625,3045.070068359375,112.5999984741211,0.13933786749839783,82.1500015258789,786.0,2114.25,1408.75
2022-09-29,3640.469970703125,3041.199951171875,112.25,0.13890817761421204,81.2300033569336,783.0,2192.75,1410.75
2022-09-30,3585.6201171875,3024.389892578125,112.12000274658203,0.14037254452705383,79.48999786376953,776.0,2157.25,1364.75
2022-10-03,3678.429931640625,,111.75,0.14054813981056213,83.62999725341797,770.0,2213.0,1374.0
2022-10-04,3790.929931640625,,110.06999969482422,0.14055010676383972,86.5199966430664,774.0,2347.25,1383.5
2022-10-05,3783.280029296875,,111.06999969482422,0.14054813981056213,87.76000213623047,757.0,2359.25,1369.75
2022-10-06,3744.52001953125,,112.26000213623047,0.14054813981056213,88.44999694824219,750.0,2355.0,1358.0
2022-10-07,3639.659912109375,,112.80000305175781,0.14054813981056213,92.63999938964844,748.0,2295.75,1367.0
2022-10-10,3612.389892578125,2974.14990234375,113.13999938964844,0.14054813981056213,91.12999725341797,750.0,2258.0,1374.0
2022-10-11,3588.840087890625,2979.7900390625,113.22000122070312,0.13978974521160126,89.3499984741211,736.0,2245.25,1376.25
2022-10-12,3577.030029296875,3025.510009765625,113.31999969482422,0.13957902789115906,87.2699966430664,751.0,2312.25,1396.0
2022-10-13,3669.909912109375,3016.360107421875,112.36000061035156,0.13939030468463898,89.11000061035156,753.0,2388.0,1395.75
2022-10-14,3583.070068359375,3071.989990234375,113.30999755859375,0.13947974145412445,85.61000061035156,751.0,2337.75,1383.75
2022-10-17,3677.949951171875,3084.93994140625,112.04000091552734,0.13908205926418304,85.45999908447266,755.0,2259.75,1385.25
2022-10-18,3719.97998046875,3080.9599609375,112.12999725341797,0.13897575438022614,82.81999969482422,752.0,2204.5,1372.0
2022-10-19,3695.159912109375,3044.3798828125,112.9800033569336,0.13887731730937958,85.55000305175781,758.0,2187.0,1372.5
2022-10-20,3665.780029296875,3035.050048828125,112.87999725341797,0.1383642554283142,85.9800033569336,757.0,2228.25,1391.5
2022-10-21,3752.75,3038.929931640625,112.01000213623047,0.13858477771282196,85.05000305175781,762.0,2223.5,1395.5
2022-10-24,3797.340087890625,2977.56005859375,111.98999786376953,0.13806813955307007,84.58000183105469,757.0,2192.75,1372.0
2022-10-25,3859.110107421875,2976.280029296875,110.94999694824219,0.1377050131559372,85.31999969482422,763.0,2228.5,1382.0
2022-10-26,3830.60009765625,2999.5,109.69999694824219,0.13691502809524536,87.91000366210938,700.0,2352.5,1381.75
2022-10-27,3807.300048828125,2982.89990234375,110.58999633789062,0.13943307101726532,89.08000183105469,697.0,2307.25,1382.25
2022-10-28,3901.06005859375,2915.929931640625,110.66999816894531,0.13835276663303375,87.9000015258789,710.0,2210.75,1387.75
2022-10-31,3871.97998046875,2893.47998046875,111.52999877929688,0.13790440559387207,86.52999877929688,713.0,2229.0,1407.0
2022-11-01,3856.10009765625,2969.199951171875,111.4800033569336,0.13695253431797028,88.37000274658203,709.0,2259.5,1435.75
2022-11-02,3759.68994140625,3003.3701171875,111.3499984741211,0.13742682337760925,90.0,676.0,2266.5,1440.0
2022-11-03,3719.889892578125,2997.81005859375,112.93000030517578,0.13719867169857025,88.16999816894531,680.0,2282.25,1426.75
2022-11-04,3770.550048828125,3070.800048828125,110.87999725341797,0.13697129487991333,92.61000061035156,678.0,2380.25,1451.5
2022-11-07,3806.800048828125,3077.820068359375,110.12000274658203,0.1393708884716034,91.79000091552734,669.0,2354.5,1440.0
2022-11-08,3828.110107421875,3064.489990234375,109.62000274658203,0.13833555579185486,88.91000366210938,664.0,2391.25,1444.0
2022-11-09,3748.570068359375,3048.169921875,110.55000305175781,0.13796529173851013,85.83000183105469,664.0,2329.75,1459.75
2022-11-10,3956.3701171875,3036.1298828125,108.20999908447266,0.13810628652572632,86.47000122070312,658.0,2351.5,1430.5
2022-11-11,3992.929931640625,3087.2900390625,106.29000091552734,0.13916140794754028,88.95999908447266,662.0,2475.0,1455.5
2022-11-14,3957.25,3083.39990234375,106.66000366210938,0.14070436358451843,85.87000274658203,673.0,2460.75,1441.75
2022-11-15,3991.72998046875,3134.080078125,106.4000015258789,0.14138472080230713,86.91999816894531,666.0,2437.0,1457.25
2022-11-16,3958.7900390625,3119.97998046875,106.27999877929688,0.1419849395751953,85.58999633789062,662.0,2412.5,1429.25
2022-11-17,3946.56005859375,3115.429931640625,106.69000244140625,0.14109943807125092,81.63999938964844,662.0,2393.0,1417.0
2022-11-18,3965.340087890625,3097.239990234375,106.93000030517578,0.13973896205425262,80.08000183105469,663.0,2428.0,1428.25
2022-11-21,3949.93994140625,3085.0439453125,107.83999633789062,0.14047114551067352,79.7300033569336,665.0,2379.5,1436.75
2022-11-22,4003.580078125,3088.943115234375,107.22000122070312,0.13958293199539185,80.94999694824219,663.0,2428.75,1429.75
2022-11-23,4027.260009765625,3096.906982421875,106.08000183105469,0.14006975293159485,77.94000244140625,658.0,2392.0,1436.0
2022-11-25,4026.1201171875,3101.68994140625,105.95999908447266,0.13985426723957062,76.27999877929688,656.0,2367.25,1436.25
2022-11-28,3963.93994140625,3078.550048828125,106.68000030517578,0.13946029543876648,77.23999786376953,655.0,2362.0,1457.25
2022-11-29,3957.6298828125,3149.75,106.81999969482422,0.1387520581483841,78.19999694824219,655.0,2365.25,1459.5
2022-11-30,4080.110107421875,3151.340087890625,105.94999694824219,0.1396765112876892,80.55000305175781,655.0,2460.5,1469.5
2022-12-01,4076.570068359375,3165.469970703125,104.7300033569336,0.14131878316402435,81.22000122070312,660.0,2472.25,1429.75
2022-12-02,4071.699951171875,3156.139892578125,104.55000305175781,0.14197082817554474,79.9800033569336,672.0,2535.0,1438.5
2022-12-05,3998.840087890625,3211.81005859375,105.29000091552734,0.1423710435628891,76.93000030517578,666.0,2509.0,1437.75
2022-12-06,3941.260009765625,3212.530029296875,105.58000183105469,0.1436595916748047,74.25,671.0,2503.5,1455.0
2022-12-07,3933.919921875,3199.6201171875,105.0999984741211,0.1429612934589386,72.01000213623047,656.0,2484.25,1472.0
2022-12-08,3963.510009765625,3197.35009765625,104.7699966430664,0.14341852068901062,71.45999908447266,662.0,2496.5,1486.25
2022-12-09,3934.3798828125,3206.949951171875,104.80999755859375,0.14354822039604187,71.0199966430664,667.0,2465.25,1483.75
2022-12-12,3990.56005859375,3179.0400390625,105.12999725341797,0.14374837279319763,73.16999816894531,670.0,2409.25,1460.5
2022-12-13,4019.64990234375,3176.330078125,103.9800033569336,0.14333835244178772,75.38999938964844,665.0,2458.25,1479.75
2022-12-14,3995.320068359375,3176.530029296875,103.7699966430664,0.1440216600894928,77.27999877929688,670.0,2431.0,1482.25
2022-12-15,3895.75,3168.64990234375,104.55999755859375,0.14388695359230042,76.11000061035156,677.0,2383.0,1473.5
2022-12-16,3852.360107421875,3167.85791015625,104.69999694824219,0.14342676103115082,74.29000091552734,675.0,2388.5,1480.0
2022-12-19,3817.659912109375,3107.1201171875,104.72000122070312,0.14342881739139557,75.19000244140625,671.0,2364.25,1460.75
2022-12-20,3821.6201171875,3073.77001953125,103.97000122070312,0.14329521358013153,76.08999633789062,670.0,2377.0,1478.5
2022-12-21,3878.43994140625,3068.409912109375,104.16000366210938,0.14366164803504944,78.29000091552734,660.0,2402.0,1481.0
2022-12-22,3822.389892578125,3054.429931640625,104.43000030517578,0.14325416088104248,77.48999786376953,659.0,2421.5,1467.75
2022-12-23,3844.820068359375,3045.865966796875,104.30999755859375,0.143204927444458,79.55999755859375,661.0,2413.5,1479.0
2022-12-27,3829.25,3095.570068359375,104.18000030517578,0.14365339279174805,79.52999877929688,650.0,2411.25,1482.25
2022-12-28,3783.219970703125,3087.39990234375,104.45999908447266,0.1436988115310669,78.95999908447266,741.0,2396.0,1506.5
2022-12-29,3849.280029296875,3073.699951171875,103.83999633789062,0.14331574738025665,78.4000015258789,742.0,2426.5,1508.75
2022-12-30,3839.5,3089.260009765625,103.5199966430664,0.14361420273780823,80.26000213623047,744.0,2410.25,1519.25
2023-01-03,3824.139892578125,3116.510009765625,104.5199966430664,0.14498847723007202,76.93000030517578,722.0,2325.25,1487.25
2023-01-04,3852.969970703125,3123.52001953125,104.25,0.1446319818496704,72.83999633789062,723.0,2270.0,1478.25
2023-01-05,3808.10009765625,3155.219970703125,105.04000091552734,0.1451842337846756,73.66999816894531,725.0,2262.75,1466.75
2023-01-06,3895.080078125,3157.639892578125,103.87999725341797,0.1453171670436859,73.7699966430664,730.0,2285.25,1501.5
2023-01-09,3892.090087890625,3176.080078125,103.0,0.14625442028045654,74.62999725341797,730.0,2443.25,1503.5
2023-01-10,3919.25,3169.510009765625,103.23999786376953,0.14768867194652557,75.12000274658203,730.0,2465.0,1510.0
2023-01-11,3969.610107421875,3161.840087890625,103.19000244140625,0.14754921197891235,77.41000366210938,729.0,2506.25,1515.0
2023-01-12,3983.169921875,3163.449951171875,102.25,0.14773230254650116,78.38999938964844,728.0,2551.0,1529.5
2023-01-13,3999.090087890625,3195.31005859375,102.19999694824219,0.1484163999557495,79.86000061035156,725.0,2602.0,1538.25
2023-01-17,3990.969970703125,3224.239990234375,102.38999938964844,0.14853323996067047,80.18000030517578,730.0,2628.25,1539.75
2023-01-18,3928.860107421875,3224.409912109375,102.36000061035156,0.14765813946723938,79.4800033569336,715.0,2643.75,1524.5
2023-01-19,3898.85009765625,3240.280029296875,102.05999755859375,0.14821182191371918,80.33000183105469,718.0,2589.75,1514.75
2023-01-20,3972.610107421875,3264.81005859375,102.01000213623047,0.14758405089378357,81.30999755859375,715.0,2608.75,1506.5
2023-01-23,4019.81005859375,,102.13999938964844,0.14743608236312866,81.62000274658203,714.0,2650.5,1490.25
2023-01-24,4016.949951171875,,101.91999816894531,0.14742739498615265,80.12999725341797,705.0,2665.0,1488.5
2023-01-25,4016.219970703125,,101.63999938964844,0.14741651713848114,80.1500015258789,780.0,2670.75,1502.5
2023-01-26,4060.429931640625,,101.83999633789062,0.14742957055568695,81.01000213623047,775.0,2656.5,1523.5
2023-01-27,4070.56005859375,,101.93000030517578,0.14743825793266296,79.68000030517578,775.0,2638.75,1509.5
2023-01-30,4017.77001953125,3269.320068359375,102.27999877929688,0.14744043350219727,77.9000015258789,788.0,2595.0,1535.25
2023-01-31,4076.60009765625,3255.669921875,102.0999984741211,0.14819645881652832,78.87000274658203,788.0,2639.0,1538.0
2023-02-01,4119.2099609375,3284.919921875,101.22000122070312,0.14806917309761047,76.41000366210938,788.0,2608.5,1520.25
2023-02-02,4179.759765625,3285.669921875,101.75,0.14835034310817719,75.87999725341797,795.0,2605.5,1534.25
2023-02-03,4136.47998046875,3263.409912109375,102.91999816894531,0.14855529367923737,73.38999938964844,797.0,2550.0,1532.0
2023-02-06,4111.080078125,3238.699951171875,103.62000274658203,0.14761890470981598,74.11000061035156,793.0,2515.75,1521.25
2023-02-07,4164.0,3248.090087890625,103.43000030517578,0.1471886932849884,77.13999938964844,802.0,2518.5,1515.25
2023-02-08,4117.85986328125,3232.110107421875,103.41000366210938,0.14724937081336975,78.47000122070312,800.0,2468.25,1519.75
2023-02-09,4081.5,3270.3798828125,103.22000122070312,0.14731445908546448,78.05999755859375,803.0,2487.5,1519.25
2023-02-10,4090.4599609375,3260.669921875,103.62999725341797,0.14749915897846222,79.72000122070312,798.0,2429.0,1542.5
2023-02-13,4137.2900390625,3284.159912109375,103.3499984741211,0.14687953889369965,80.13999938964844,805.0,2389.0,1542.75
2023-02-14,4136.1298828125,3293.280029296875,103.2300033569336,0.14658673107624054,79.05999755859375,804.0,2381.0,1537.5
2023-02-15,4147.60009765625,3280.489990234375,103.91999816894531,0.146500825881958,78.58999633789062,802.0,2354.75,1525.75
2023-02-16,4090.409912109375,3249.030029296875,103.86000061035156,0.14594492316246033,78.48999786376953,804.0,2362.5,1526.5
2023-02-17,4079.090087890625,3224.02001953125,103.86000061035156,0.14577896893024445,76.33999633789062,798.0,2343.75,1527.25
2023-02-21,3997.340087890625,3306.52001953125,104.18000030517578,0.14589807391166687,76.16000366210938,787.0,2411.5,1548.75
2023-02-22,3991.050048828125,3291.14990234375,104.58999633789062,0.14550745487213135,73.94999694824219,962.0,2361.5,1539.5
2023-02-23,4012.320068359375,3287.47998046875,104.5999984741211,0.14511050283908844,75.38999938964844,986.0,2339.75,1534.25
2023-02-24,3970.0400390625,3267.159912109375,105.20999908447266,0.14478065073490143,76.31999969482422,1020.0,2294.5,1529.0
2023-02-27,3982.239990234375,3258.030029296875,104.66999816894531,0.14378145337104797,75.68000030517578,1044.0,2327.0,1518.25
2023-02-28,3970.14990234375,3279.610107421875,104.87000274658203,0.14401128888130188,77.05000305175781,1054.0,2323.5,1490.5
2023-03-01,3951.389892578125,3312.35009765625,104.4800033569336,0.14425227046012878,77.69000244140625,1028.0,2379.25,1504.25
2023-03-02,3981.35009765625,3310.64990234375,105.02999877929688,0.14560279250144958,78.16000366210938,1049.0,2367.25,1519.75
2023-03-03,4045.639892578125,3328.389892578125,104.5199966430664,0.1446382701396942,79.68000030517578,1050.0,2369.75,1530.5
2023-03-06,4048.419921875,3322.030029296875,104.3499984741211,0.1447848528623581,80.45999908447266,1060.0,2368.75,1541.0
2023-03-07,3986.3701171875,3285.10009765625,105.62000274658203,0.14431263506412506,77.58000183105469,1050.0,2328.75,1525.25
2023-03-08,3992.010009765625,3283.25,105.66000366210938,0.14364926517009735,76.66000366210938,1065.0,2327.5,1526.75
2023-03-09,3918.320068359375,3276.090087890625,105.30999755859375,0.14387868344783783,75.72000122070312,1060.0,2306.0,1520.0
2023-03-10,3861.590087890625,3230.080078125,104.58000183105469,0.1436038762331009,76.68000030517578,1056.0,2291.75,1513.0
2023-03-13,3855.760009765625,3268.699951171875,103.5999984741211,0.14481839537620544,74.80000305175781,1055.0,2299.5,1500.0
2023-03-14,3919.2900390625,3245.31005859375,103.5999984741211,0.14610056579113007,71.33000183105469,1075.0,2316.75,1499.75
2023-03-15,3891.929931640625,3263.31005859375,104.6500015258789,0.14554981887340546,67.61000061035156,1062.0,2242.5,1489.25
2023-03-16,3960.280029296875,3226.889892578125,104.41999816894531,0.1448037177324295,68.3499984741211,1056.0,2233.25,1491.5
2023-03-17,3916.639892578125,3250.550048828125,103.70999908447266,0.1449800580739975,66.73999786376953,1056.0,2229.25,1476.5
2023-03-20,3951.570068359375,3234.909912109375,103.27999877929688,0.145220085978508,67.63999938964844,1055.0,2240.5,1486.0
2023-03-21,4002.8701171875,3255.64990234375,103.26000213623047,0.14539743959903717,69.33000183105469,1056.0,2243.75,1467.0
2023-03-22,3936.969970703125,3265.75,102.3499984741211,0.1452854871749878,70.9000015258789,1058.0,2266.25,1448.5
2023-03-23,3948.719970703125,3286.64990234375,102.52999877929688,0.14536574482917786,69.95999908447266,1056.0,2298.5,1419.5
2023-03-24,3970.989990234375,3265.64990234375,103.12000274658203,0.14666198194026947,69.26000213623047,1057.0,2308.0,1428.25
2023-03-27,3977.530029296875,3251.39990234375,102.86000061035156,0.14562399685382843,72.80999755859375,1060.0,2341.75,1442.25
2023-03-28,3971.27001953125,3245.3798828125,102.43000030517578,0.1452559381723404,73.19999694824219,1036.0,2370.25,1467.75
2023-03-29,4027.81005859375,3240.06005859375,102.63999938964844,0.14549051225185394,72.97000122070312,1170.0,2360.0,1477.25
2023-03-30,4050.830078125,3261.25,102.13999938964844,0.14523062109947205,74.37000274658203,1165.0,2363.5,1474.5
2023-03-31,4109.31005859375,3272.860107421875,102.51000213623047,0.14555193483829498,75.66999816894531,1164.0,2383.75,1505.5
2023-04-03,4124.509765625,3296.39990234375,102.08999633789062,0.14560279250144958,80.41999816894531,1175.0,2378.75,1522.0
2023-04-04,4100.60009765625,3312.56005859375,101.58999633789062,0.14540590345859528,80.70999908447266,1171.0,2348.25,1517.5
2023-04-05,4090.3798828125,,101.8499984741211,0.14537419378757477,80.61000061035156,1162.0,2315.5,1511.0
2023-04-06,4105.02001953125,3312.6298828125,101.81999969482422,0.14538052678108215,80.69999694824219,1166.0,2325.0,1492.5
2023-04-10,4109.10986328125,3315.360107421875,102.58000183105469,0.14557524025440216,79.73999786376953,1166.0,2324.75,1487.25
2023-04-11,4108.93994140625,3313.570068359375,102.19999694824219,0.14532560110092163,81.52999877929688,1165.0,2295.25,1497.25
2023-04-12,4091.949951171875,3327.179931640625,101.5,0.14523273706436157,83.26000213623047,1184.0,2316.0,1504.25
2023-04-13,4146.22021484375,3318.360107421875,101.01000213623047,0.14548204839229584,82.16000366210938,1180.0,2365.75,1501.0
2023-04-14,4137.64013671875,3338.14990234375,101.55000305175781,0.14560702443122864,82.5199966430664,1175.0,2379.0,1500.5
2023-04-17,4151.31982421875,3385.610107421875,102.0999984741211,0.14555193483829498,80.83000183105469,1175.0,2377.75,1517.0
2023-04-18,4154.8701171875,3393.330078125,101.75,0.14537419378757477,80.86000061035156,1175.0,2428.75,1519.25
2023-04-19,4154.52001953125,3370.1298828125,101.97000122070312,0.14545665681362152,79.16000366210938,1176.0,2442.5,1506.5
2023-04-20,4129.7900390625,3367.030029296875,101.83999633789062,0.1452411711215973,77.29000091552734,1176.0,2422.25,1497.5
2023-04-21,4133.52001953125,3301.260009765625,101.81999969482422,0.14551593363285065,77.87000274658203,1178.0,2386.75,1483.5
2023-04-24,4137.0400390625,3275.409912109375,101.3499984741211,0.14508524537086487,78.76000213623047,1177.0,2375.25,1465.25
2023-04-25,4071.6298828125,3264.8701171875,101.86000061035156,0.14503474533557892,77.06999969482422,1176.0,2329.25,1445.25
2023-04-26,4055.989990234375,3264.10009765625,101.47000122070312,0.14426682889461517,74.30000305175781,1073.0,2318.5,1436.0
2023-04-27,4135.35009765625,3285.8798828125,101.5,0.14438766241073608,74.76000213623047,1074.0,2311.5,1426.75
2023-04-28,4169.47998046875,3323.27001953125,101.66999816894531,0.14446066319942474,76.77999877929688,1069.0,2359.75,1444.25
2023-05-01,4167.8701171875,,102.1500015258789,0.14469477534294128,75.66000366210938,1070.0,2390.75,1454.75
2023-05-02,4119.580078125,,101.95999908447266,0.14469686150550842,71.66000366210938,1086.0,2382.75,1439.5
2023-05-03,4090.75,,101.33999633789062,0.14470523595809937,68.5999984741211,1105.0,2330.75,1448.0
2023-05-04,4061.219970703125,3350.4599609375,101.4000015258789,0.14470523595809937,68.55999755859375,1096.0,2300.5,1448.5
2023-05-05,4136.25,3334.5,101.20999908447266,0.14480790495872498,71.33999633789062,1101.0,2329.5,1469.0
2023-05-08,4138.1201171875,3395.0,101.37000274658203,0.14472827315330505,73.16000366210938,1105.0,2314.25,1468.75
2023-05-09,4119.169921875,3357.669921875,101.63999938964844,0.14468638598918915,73.70999908447266,1099.0,2333.75,1451.75
2023-05-10,4137.64013671875,3319.14990234375,101.4800033569336,0.14452119171619415,72.55999755859375,1095.0,2284.75,1436.5
2023-05-11,4130.6201171875,3309.550048828125,102.05999755859375,0.14425435662269592,70.87000274658203,1095.0,2216.5,1443.25
2023-05-12,4124.080078125,3272.360107421875,102.68000030517578,0.1439325213432312,70.04000091552734,1096.0,2238.25,1435.0
2023-05-15,4136.27978515625,3310.739990234375,102.43000030517578,0.1437339186668396,71.11000061035156,1093.0,2250.25,1400.75
2023-05-16,4109.89990234375,3290.989990234375,102.55999755859375,0.14385177195072174,70.86000061035156,1093.0,2260.0,1364.0
2023-05-17,4158.77001953125,3284.22998046875,102.87999725341797,0.14333629608154297,72.83000183105469,1092.0,2295.75,1337.0
2023-05-18,4198.0498046875,3297.320068359375,103.58000183105469,0.14291635155677795,71.86000061035156,1096.0,2286.75,1333.25
2023-05-19,4191.97998046875,3283.5400390625,103.19999694824219,0.14214439690113068,71.55000305175781,1094.0,2300.0,1307.25
2023-05-22,4192.6298828125,3296.469970703125,103.19999694824219,0.14271646738052368,71.98999786376953,1090.0,2290.5,1341.25
2023-05-23,4145.580078125,3246.239990234375,103.48999786376953,0.14222930371761322,72.91000366210938,1090.0,2255.0,1322.5
2023-05-24,4115.240234375,3204.75,103.88999938964844,0.14171533286571503,74.33999633789062,1099.0,2230.0,1324.5
2023-05-25,4151.27978515625,3201.260009765625,104.20999908447266,0.141647070646286,71.83000183105469,1099.0,2233.25,1324.0
2023-05-26,4205.4501953125,3212.5,104.20999908447266,0.14129482209682465,72.66999816894531,1099.0,2245.0,1337.25
2023-05-30,4205.52001953125,3224.2099609375,104.16999816894531,0.14139671623706818,69.45999908447266,1099.0,2227.75,1296.5
2023-05-31,4179.830078125,3204.56005859375,104.31999969482422,0.14126288890838623,68.08999633789062,934.0,2255.5,1299.75
2023-06-01,4221.02001953125,3204.6298828125,103.55999755859375,0.14063115417957306,70.0999984741211,935.0,2299.25,1329.5
2023-06-02,4282.3701171875,3230.070068359375,104.0199966430664,0.14098407328128815,71.73999786376953,940.0,2269.5,1352.5
2023-06-05,4273.7900390625,3232.43994140625,104.0,0.14116717875003815,72.1500015258789,945.0,2240.5,1350.0
2023-06-06,4283.85009765625,3195.340087890625,104.12999725341797,0.14074595272541046,71.73999786376953,935.0,2204.75,1353.25
2023-06-07,4267.52001953125,3197.760009765625,104.0999984741211,0.1404731124639511,72.52999877929688,930.0,2207.25,1360.75
2023-06-08,4293.93017578125,3213.590087890625,103.33999633789062,0.14027605950832367,71.29000091552734,928.0,2240.75,1363.25
2023-06-09,4298.85986328125,3231.409912109375,103.55999755859375,0.14062324166297913,70.16999816894531,928.0,2254.25,1386.5
2023-06-12,4338.93017578125,3228.830078125,103.62999725341797,0.14029967784881592,67.12000274658203,930.0,2211.25,1372.75
2023-06-13,4369.009765625,3233.669921875,103.33999633789062,0.13996584713459015,69.41999816894531,929.0,2220.75,1399.25
2023-06-14,4372.58984375,3228.989990234375,103.01000213623047,0.13953812420368195,68.2699966430664,923.0,2243.75,1388.25
2023-06-15,4425.83984375,3252.97998046875,102.12000274658203,0.13961410522460938,70.62000274658203,927.0,2227.75,1428.25
2023-06-16,4409.58984375,3273.330078125,102.30000305175781,0.14045140147209167,71.77999877929688,927.0,2252.5,1466.5
2023-06-20,4388.7099609375,3240.360107421875,102.54000091552734,0.13965700566768646,70.5,927.0,2217.5,1477.25
2023-06-21,4365.68994140625,3197.89990234375,102.06999969482422,0.13926024734973907,72.52999877929688,912.0,2223.0,1514.75
2023-06-22,4381.89013671875,,102.38999938964844,0.13930681347846985,69.51000213623047,912.0,2203.0,1500.5
2023-06-23,4348.330078125,,102.9000015258789,0.13930486142635345,69.16000366210938,910.0,2168.25,1494.5
2023-06-26,4328.81982421875,3150.6201171875,102.69000244140625,0.13930486142635345,69.37000274658203,910.0,2149.5,1521.0
2023-06-27,4378.41015625,3189.43994140625,102.48999786376953,0.13818836212158203,67.69999694824219,910.0,2170.0,1495.0
2023-06-28,4376.85986328125,3189.3798828125,102.91000366210938,0.13852909207344055,69.55999755859375,894.0,2148.25,1451.0
2023-06-29,4396.43994140625,3182.3798828125,103.33999633789062,0.1380567103624344,69.86000061035156,885.0,2126.0,1483.0
2023-06-30,4450.3798828125,3202.06005859375,102.91000366210938,0.13789679110050201,70.63999938964844,881.0,2114.75,1557.25
2023-07-03,4455.58984375,3243.97998046875,102.98999786376953,0.13807576894760132,69.79000091552734,865.0,2112.75,1562.0
2023-07-05,4446.81982421875,3222.949951171875,103.37000274658203,0.13862895965576172,71.79000091552734,874.0,2119.25,1547.25
2023-07-06,4411.58984375,3205.570068359375,103.16999816894531,0.13799956440925598,71.80000305175781,895.0,2103.0,1525.75
2023-07-07,4398.9501953125,3196.610107421875,102.2699966430664,0.1379462629556656,73.86000061035156,905.0,2111.25,1485.5
2023-07-10,4409.52978515625,3203.699951171875,101.97000122070312,0.13867124915122986,72.98999786376953,901.0,2115.5,1508.0
2023-07-11,4439.259765625,3221.3701171875,101.7300033569336,0.13830110430717468,74.83000183105469,907.0,2127.5,1520.5
2023-07-12,4472.16015625,3196.1298828125,100.5199966430664,0.13871164619922638,75.75,896.0,2193.75,1488.5
2023-07-13,4510.0400390625,3236.47998046875,99.7699966430664,0.1395615041255951,76.88999938964844,899.0,2242.0,1518.0
2023-07-14,4505.419921875,3237.699951171875,99.91000366210938,0.139860138297081,75.41999816894531,897.0,2235.0,1495.75
2023-07-17,4522.7900390625,3209.6298828125,99.83999633789062,0.14005014300346375,74.1500015258789,892.0,2207.0,1484.0
2023-07-18,4554.97998046875,3197.820068359375,99.94000244140625,0.13945834338665009,75.75,887.0,2164.25,1492.0
2023-07-19,4565.72021484375,3198.840087890625,100.27999877929688,0.13928934931755066,75.3499984741211,861.0,2137.25,1491.5
2023-07-20,4534.8701171875,3169.52001953125,100.87999725341797,0.13839106261730194,75.62999725341797,858.0,2143.25,1495.0
2023-07-21,4536.33984375,3167.75,101.06999969482422,0.13934369385242462,77.06999969482422,858.0,2148.0,1501.0
2023-07-24,4554.64013671875,3164.159912109375,101.3499984741211,0.13931651413440704,78.73999786376953,858.0,2153.75,1523.25
2023-07-25,4567.4599609375,3231.52001953125,101.3499984741211,0.13917303085327148,79.62999725341797,858.0,2184.0,1515.5
2023-07-26,4566.75,3223.030029296875,100.88999938964844,0.14014631509780884,78.77999877929688,835.0,2155.5,1546.25
2023-07-27,4537.41015625,3216.669921875,101.7699966430664,0.139860138297081,80.08999633789062,826.0,2151.75,1532.0
2023-07-28,4582.22998046875,3275.929931640625,101.62000274658203,0.13940973579883575,80.58000183105469,824.0,2178.5,1486.75
2023-07-31,4588.9599609375,3291.0400390625,101.86000061035156,0.14078955352306366,81.80000305175781,825.0,2230.5,1445.75
2023-08-01,4576.72998046875,3290.948974609375,102.30000305175781,0.1409304291009903,81.37000274658203,820.0,2198.5,1446.75
2023-08-02,4513.39013671875,3261.68994140625,102.58999633789062,0.13934369385242462,79.48999786376953,825.0,2150.5,1429.75
2023-08-03,4501.89013671875,3280.462890625,102.54000091552734,0.13907432556152344,81.55000305175781,815.0,2168.25,1428.75
2023-08-04,4478.02978515625,3288.083984375,102.0199966430664,0.13961021602153778,82.81999969482422,803.0,2172.0,1444.0
2023-08-07,4518.43994140625,3268.8310546875,102.05000305175781,0.14022885262966156,81.94000244140625,804.0,2166.75,1414.5
2023-08-08,4499.3798828125,3260.6201171875,102.52999877929688,0.1390375792980194,82.91999816894531,802.0,2133.0,1430.0
2023-08-09,4467.7099609375,3244.489990234375,102.48999786376953,0.13858668506145477,84.4000015258789,801.0,2122.75,1431.5
2023-08-10,4468.830078125,3254.56005859375,102.5199966430664,0.1387231945991516,82.81999969482422,806.0,2154.75,1412.0
2023-08-11,4464.0498046875,3189.25,102.83999633789062,0.13860589265823364,83.19000244140625,806.0,2115.25,1401.25
2023-08-14,4489.72021484375,3178.429931640625,103.19000244140625,0.1390375792980194,82.51000213623047,804.0,2081.0,1391.0
2023-08-15,4437.85986328125,3176.179931640625,103.20999908447266,0.13779228925704956,80.98999786376953,804.0,2075.5,1323.25
2023-08-16,4404.330078125,3150.1298828125,103.41999816894531,0.13733434677124023,79.37999725341797,811.0,2073.25,1334.75
2023-08-17,4370.35986328125,3163.739990234375,103.44000244140625,0.13704262673854828,80.38999938964844,810.0,2090.5,1336.75
2023-08-18,4369.7099609375,3131.949951171875,103.37999725341797,0.13735508918762207,81.25,807.0,2081.0,1362.75
2023-08-21,4399.77001953125,3092.97998046875,103.33000183105469,0.1373494267463684,80.72000122070312,807.0,2082.75,1370.0
2023-08-22,4387.5498046875,3120.330078125,103.55999755859375,0.13892747461795807,80.3499984741211,807.0,2114.25,1351.5
2023-08-23,4436.009765625,3078.39990234375,103.36000061035156,0.1371290683746338,78.88999938964844,802.0,2131.0,1359.5
2023-08-24,4376.31005859375,3082.239990234375,103.9800033569336,0.13946029543876648,79.05000305175781,803.0,2111.25,1365.75
2023-08-25,4405.7099609375,3064.070068359375,104.08000183105469,0.13742870092391968,79.83000183105469,803.0,2108.75,1381.0
2023-08-28,4433.31005859375,3098.639892578125,104.05999755859375,0.13719302415847778,80.0999984741211,801.0,2139.25,1395.25
2023-08-29,4497.6298828125,3135.889892578125,103.55000305175781,0.13719114661216736,81.16000366210938,801.0,2125.25,1382.0
2023-08-30,4514.8701171875,3137.139892578125,103.16000366210938,0.13737396895885468,81.62999725341797,729.0,2165.25,1381.25
2023-08-31,4507.66015625,3119.8798828125,103.62000274658203,0.13729475438594818,83.62999725341797,729.0,2175.5,1360.0
2023-09-01,4515.77001953125,3133.25,104.23999786376953,0.13779988884925842,85.55000305175781,720.0,2216.25,1356.25
2023-09-05,4496.830078125,3154.3701171875,104.80999755859375,0.13751563429832458,86.69000244140625,711.0,2180.0,1349.0
2023-09-06,4465.47998046875,3158.080078125,104.86000061035156,0.13692252337932587,87.54000091552734,717.0,2175.5,1360.25
2023-09-07,4451.14013671875,3122.35009765625,105.05999755859375,0.13668859004974365,86.87000274658203,725.0,2171.25,1345.0
2023-09-08,4457.490234375,3116.719970703125,105.08999633789062,0.1364666074514389,87.51000213623047,720.0,2154.75,1349.5
2023-09-11,4487.4599609375,3142.780029296875,104.56999969482422,0.1382666826248169,87.29000091552734,720.0,2179.25,1352.5
2023-09-12,4461.89990234375,3137.06005859375,104.70999908447266,0.1372118592262268,88.83999633789062,719.0,2192.25,1331.75
2023-09-13,4467.43994140625,3123.070068359375,104.7699966430664,0.13715727627277374,88.5199966430664,707.0,2201.25,1336.0
2023-09-14,4505.10009765625,3126.550048828125,105.41000366210938,0.13757430016994476,90.16000366210938,706.0,2202.25,1343.75
2023-09-15,4450.31982421875,3117.739990234375,105.31999969482422,0.1374400407075882,90.7699966430664,704.0,2167.25,1340.25
2023-09-18,4453.52978515625,3125.929931640625,105.19999694824219,0.1374778300523758,91.4800033569336,706.0,2202.0,1316.75
2023-09-19,4443.9501953125,3124.9599609375,105.19999694824219,0.1371629238128662,91.19999694824219,706.0,2188.75,1315.5
2023-09-20,4402.2001953125,3108.568115234375,105.16000366210938,0.13706891238689423,90.27999877929688,704.0,2236.0,1320.0
2023-09-21,4330.0,3084.700927734375,105.36000061035156,0.13724952936172485,89.62999725341797,704.0,2188.75,1293.75
2023-09-22,4320.06005859375,3132.431884765625,105.58000183105469,0.13686443865299225,90.02999877929688,705.0,2215.5,1296.25
2023-09-25,4337.43994140625,3115.60693359375,106.0,0.13703322410583496,89.68000030517578,705.0,2209.0,1297.75
2023-09-26,4273.52978515625,3102.27294921875,106.2300033569336,0.13680078089237213,90.38999938964844,702.0,2228.25,1302.75
2023-09-27,4274.509765625,3107.31591796875,106.66999816894531,0.13678580522537231,93.68000030517578,712.0,2232.75,1303.25
2023-09-28,4299.7001953125,3110.47509765625,106.22000122070312,0.13683447241783142,91.70999908447266,715.0,2271.75,1300.5
2023-09-29,4288.0498046875,,106.16999816894531,0.13698817789554596,90.79000091552734,704.0,2329.5,1275.0
2023-10-02,4288.39013671875,,106.9000015258789,0.13959461450576782,88.81999969482422,695.0,2310.25,1277.0
2023-10-03,4229.4501953125,,107.0,0.13927769660949707,89.2300033569336,686.0,2287.0,1272.75
2023-10-04,4263.75,,106.80000305175781,0.13899892568588257,84.22000122070312,691.0,2242.25,1273.0
2023-10-05,4258.18994140625,,106.33000183105469,0.1388830989599228,82.30999755859375,705.0,2224.5,1280.75
2023-10-06,4308.5,,106.04000091552734,0.13893327116966248,82.79000091552734,705.0,2227.25,1266.0
2023-10-09,4335.66015625,3096.922119140625,106.08000183105469,0.1369769275188446,86.37999725341797,701.0,2224.75,1264.25
2023-10-10,4358.240234375,3075.239990234375,105.83000183105469,0.13716667890548706,85.97000122070312,701.0,2198.0,1271.5
2023-10-11,4376.9501953125,3078.9560546875,105.81999969482422,0.13708019256591797,83.48999786376953,700.0,2196.25,1252.5
2023-10-12,4349.60986328125,3107.90087890625,106.56999969482422,0.13701070845127106,82.91000366210938,696.0,2185.5,1290.0
2023-10-13,4327.77978515625,3088.10009765625,106.6500015258789,0.13695816695690155,87.69000244140625,695.0,2181.5,1280.25
2023-10-16,4373.6298828125,3073.81298828125,106.23999786376953,0.1395069807767868,86.66000366210938,698.0,2169.25,1286.25
2023-10-17,4373.2001953125,3083.5,106.25,0.1368120014667511,86.66000366210938,705.0,2166.5,1296.75
2023-10-18,4314.60009765625,3058.7099609375,106.56999969482422,0.13676710426807404,88.31999969482422,703.0,2175.75,1311.0
2023-10-19,4278.0,3005.39306640625,106.25,0.13673344254493713,89.37000274658203,704.0,2184.0,1315.5
2023-10-20,4224.16015625,2983.06005859375,106.16000366210938,0.13677644729614258,88.75,703.0,2177.0,1302.25
2023-10-23,4217.0400390625,2939.291015625,105.54000091552734,0.136697918176651,85.48999786376953,701.0,2174.25,1286.75
2023-10-24,4247.68017578125,2962.243896484375,106.2699966430664,0.13672222197055817,83.73999786376953,702.0,2184.0,1295.25
2023-10-25,4186.77001953125,2974.114013671875,106.52999877929688,0.13681761920452118,85.38999938964844,827.0,2213.25,1288.25
2023-10-26,4137.22998046875,2988.299072265625,106.5999984741211,0.13669231534004211,83.20999908447266,855.0,2193.5,1279.5
2023-10-27,4117.3701171875,3017.783935546875,106.55999755859375,0.13670727610588074,85.54000091552734,866.0,2222.75,1297.25
2023-10-30,4166.81982421875,3021.552978515625,106.12000274658203,0.13969016075134277,82.30999755859375,871.0,2263.75,1282.75
2023-10-31,4193.7998046875,3018.77099609375,106.66000366210938,0.13675962388515472,81.0199966430664,871.0,2251.5,1287.0
2023-11-01,4237.85986328125,3023.076904296875,106.87999725341797,0.13669605553150177,80.44000244140625,883.0,2235.25,1291.25
2023-11-02,4317.77978515625,3009.406005859375,106.12000274658203,0.13668859004974365,82.45999908447266,882.0,2221.25,1304.0
2023-11-03,4358.33984375,3030.798095703125,105.0199966430664,0.13672222197055817,80.51000213623047,873.0,2246.0,1327.5
2023-11-06,4365.97998046875,3058.410888671875,105.22000122070312,0.1370144486427307,80.81999969482422,890.0,2275.5,1340.5
2023-11-07,4378.3798828125,3057.27001953125,105.54000091552734,0.1375780701637268,77.37000274658203,885.0,2251.5,1348.75
2023-11-08,4382.77978515625,3052.373046875,105.58999633789062,0.13739849627017975,75.33000183105469,892.0,2251.25,1349.0
2023-11-09,4347.35009765625,3053.279052734375,105.91000366210938,0.1373758465051651,75.73999786376953,889.0,2232.0,1327.75
2023-11-10,4415.240234375,3038.969970703125,105.86000061035156,0.13731925189495087,77.16999816894531,893.0,2206.0,1333.5
2023-11-13,4411.5498046875,3046.532958984375,105.66000366210938,0.13924086093902588,78.26000213623047,895.0,2216.5,1368.0
2023-11-14,4495.7001953125,3056.070068359375,104.11000061035156,0.13719302415847778,78.26000213623047,895.0,2204.0,1368.75
2023-11-15,4502.8798828125,3072.8349609375,104.38999938964844,0.13789109885692596,76.66000366210938,890.0,2199.75,1385.0
2023-11-16,4508.240234375,3050.926025390625,104.37000274658203,0.13801097869873047,72.9000015258789,890.0,2179.75,1360.25
2023-11-17,4514.02001953125,3054.3701171875,103.81999969482422,0.1381024718284607,75.88999938964844,890.0,2177.5,1340.25
2023-11-20,4547.3798828125,3068.319091796875,103.47000122070312,0.13870202004909515,77.5999984741211,890.0,2208.0,1367.25
2023-11-21,4538.18994140625,3067.93310546875,103.58999633789062,0.13951866328716278,77.7699966430664,890.0,2219.25,1377.25
2023-11-22,4556.6201171875,3043.611083984375,103.91999816894531,0.14110541343688965,77.0999984741211,898.0,2188.0,1356.5
2023-11-24,4559.33984375,3040.971923828125,103.4000015258789,0.1411273181438446,75.54000091552734,901.0,2200.25,1330.75
2023-11-27,4550.43017578125,3031.699951171875,103.19999694824219,0.1412050426006317,74.86000061035156,900.0,2184.75,1329.75
2023-11-28,4554.89013671875,3038.550048828125,102.75,0.14024655520915985,76.41000366210938,901.0,2188.5,1346.5
2023-11-29,4550.580078125,3021.68701171875,102.7699966430664,0.14156685769557953,77.86000061035156,1044.0,2171.5,1347.0
2023-11-30,4567.7998046875,3029.673095703125,103.5,0.1412648856639862,75.95999908447266,1044.0,2160.25,1342.75
2023-12-01,4594.6298828125,3031.635986328125,103.2699966430664,0.14133477210998535,74.06999969482422,1039.0,2174.5,1325.0
2023-12-04,4569.77978515625,3022.9140625,103.63999938964844,0.14160695672035217,73.04000091552734,1039.0,2148.75,1306.25
2023-12-05,4567.18017578125,2972.2958984375,104.05000305175781,0.14015023410320282,72.31999969482422,1028.0,2126.0,1305.5
2023-12-06,4549.33984375,2968.93310546875,104.1500015258789,0.13994626700878143,69.37999725341797,1061.0,2109.75,1295.5
2023-12-07,4585.58984375,2966.2060546875,103.54000091552734,0.13996584713459015,69.33999633789062,1070.0,2092.5,1311.75
2023-12-08,4604.3701171875,2969.55908203125,104.01000213623047,0.1398836225271225,71.2300033569336,1070.0,2109.0,1304.0
2023-12-11,4622.43994140625,2991.43896484375,104.0999984741211,0.14031937718391418,71.31999969482422,1072.0,2093.25,1336.0
2023-12-12,4643.7001953125,3003.43798828125,103.87000274658203,0.13938836753368378,68.61000061035156,1067.0,2093.25,1323.75
2023-12-13,4707.08984375,2968.760986328125,102.87000274658203,0.13935339450836182,69.47000122070312,1067.0,2113.5,1307.5
2023-12-14,4719.5498046875,2958.986083984375,101.95999908447266,0.13943696022033691,71.58000183105469,1068.0,2175.0,1314.0
2023-12-15,4719.18994140625,2942.556884765625,102.55000305175781,0.1415027678012848,71.43000030517578,1068.0,2207.5,1315.75
2023-12-18,4740.56005859375,2930.800048828125,102.51000213623047,0.1414327174425125,72.47000122070312,1070.0,2237.75,1327.0
2023-12-19,4768.3701171875,2932.39111328125,102.16999816894531,0.14021313190460205,73.44000244140625,1065.0,2211.25,1312.5
2023-12-20,4698.35009765625,2902.110107421875,102.41000366210938,0.14149075746536255,74.22000122070312,1074.0,2187.75,1308.25
2023-12-21,4746.75,2918.715087890625,101.83999633789062,0.1401718556880951,73.88999938964844,1074.0,2184.25,1297.25
2023-12-22,4754.6298828125,2914.77490234375,101.69999694824219,0.14008544385433197,73.55999755859375,1074.0,2268.0,1299.75
2023-12-26,4774.75,2898.8798828125,101.47000122070312,0.14014434814453125,75.56999969482422,1078.0,2251.5,1313.25
2023-12-27,4781.580078125,2914.614013671875,100.98999786376953,0.14000897109508514,74.11000061035156,1146.0,2327.5,1316.75
2023-12-28,4783.35009765625,2954.7041015625,101.2300033569336,0.14005209505558014,71.7699966430664,1149.0,2319.0,1305.25
2023-12-29,4769.830078125,2974.93505859375,101.33000183105469,0.14070634543895721,71.6500015258789,1135.0,2332.25,1293.5
2024-01-02,4742.830078125,2962.27587890625,102.19999694824219,0.14147073030471802,70.37999725341797,1127.0,2278.75,1274.0
2024-01-03,4704.81005859375,2967.2470703125,102.45999908447266,0.14105167984962463,72.69999694824219,1120.0,2251.0,1269.5
2024-01-04,4688.68017578125,2954.34912109375,102.41999816894531,0.14086690545082092,72.19000244140625,1099.0,2218.25,1262.0
2024-01-05,4697.240234375,2929.179931640625,102.41000366210938,0.14064697921276093,73.80999755859375,1090.0,2203.0,1249.75
2024-01-08,4763.5400390625,2887.5380859375,102.20999908447266,0.14099399745464325,70.7699966430664,1080.0,2168.5,1239.5
2024-01-09,4756.5,2893.25,102.56999969482422,0.14104372262954712,72.23999786376953,1083.0,2182.5,1241.5
2024-01-10,4783.4501953125,2877.701904296875,102.36000061035156,0.14081333577632904,71.37000274658203,1078.0,2178.5,1228.75
2024-01-11,4780.240234375,2886.64990234375,102.29000091552734,0.13946223258972168,72.0199966430664,1075.0,2179.75,1231.25
2024-01-12,4783.830078125,2881.97705078125,102.4000015258789,0.14078360795974731,72.68000030517578,1076.0,2167.5,1205.75
2024-01-16,4765.97998046875,2893.989013671875,103.36000061035156,0.14090460538864136,72.4000015258789,1073.0,2161.75,1227.25
2024-01-17,4739.2099609375,2833.614990234375,103.44999694824219,0.14051851630210876,72.55999755859375,1070.0,2148.75,1205.75
2024-01-18,4780.93994140625,2845.780029296875,103.54000091552734,0.14055801928043365,74.08000183105469,1070.0,2136.5,1213.5
2024-01-19,4839.81005859375,2832.279052734375,103.29000091552734,0.14054813981056213,73.41000366210938,1070.0,2127.5,1213.25
2024-01-22,4850.43017578125,2756.340087890625,103.33000183105469,0.14070436358451843,75.19000244140625,1070.0,2127.5,1224.25
2024-01-23,4864.60009765625,2770.97607421875,103.62000274658203,0.1390298455953598,74.37000274658203,1070.0,2184.25,1239.5
2024-01-24,4868.5498046875,2820.77197265625,103.23999786376953,0.1412908285856247,75.08999633789062,1083.0,2186.25,1240.25
2024-01-25,4894.16015625,2906.10888671875,103.56999969482422,0.14120306074619293,77.36000061035156,1077.0,2194.5,1223.0
2024-01-26,4890.97021484375,2910.222900390625,103.47000122070312,0.14122100174427032,78.01000213623047,1077.0,2226.0,1209.25
2024-01-29,4927.93017578125,2883.360107421875,103.61000061035156,0.14111140370368958,76.77999877929688,1077.0,2219.5,1194.25
2024-01-30,4924.97021484375,2830.527099609375,103.4000015258789,0.1411532312631607,77.81999969482422,1079.0,2227.5,1218.75
2024-01-31,4845.64990234375,2788.548095703125,103.2699966430664,0.14096221327781677,75.8499984741211,963.0,2235.5,1222.25
2024-02-01,4906.18994140625,2770.739990234375,103.05000305175781,0.14083118736743927,73.81999969482422,970.0,2209.25,1203.25
2024-02-02,4958.60986328125,2730.152099609375,103.91999816894531,0.1410735696554184,72.27999877929688,967.0,2196.75,1188.5
2024-02-05,4942.81005859375,2702.18505859375,104.44999694824219,0.14059557020664215,72.77999877929688,967.0,2176.75,1196.25
2024-02-06,4954.22998046875,2789.486083984375,104.18000030517578,0.14067664742469788,73.30999755859375,969.0,2199.0,1199.5
2024-02-07,4995.06005859375,2829.696044921875,104.04000091552734,0.14084307849407196,73.86000061035156,953.0,2188.5,1189.0
2024-02-08,4997.91015625,2865.903076171875,104.1500015258789,0.14082325994968414,76.22000122070312,945.0,2189.75,1193.5
2024-02-09,5026.60986328125,,104.08000183105469,0.14070634543895721,76.83999633789062,945.0,2182.0,1183.5
2024-02-12,5021.83984375,,104.16999816894531,0.13929517567157745,76.91999816894531,933.0,2191.25,1193.0
2024-02-13,4953.169921875,,104.95999908447266,0.1390395164489746,77.87000274658203,933.0,2186.0,1186.25
2024-02-14,5000.6201171875,,104.72000122070312,0.13910721242427826,76.63999938964844,926.0,2202.0,1170.5
2024-02-15,5029.72998046875,,104.30000305175781,0.1393553465604782,78.02999877929688,929.0,2186.5,1162.25
2024-02-16,5005.56982421875,,104.27999877929688,0.13958877325057983,79.19000244140625,929.0,2176.25,1172.25
2024-02-20,4975.509765625,2922.72998046875,104.08000183105469,0.1389429271221161,78.18000030517578,925.0,2148.5,1179.0
2024-02-21,4981.7998046875,2950.9560546875,104.01000213623047,0.13908785581588745,77.91000366210938,922.0,2175.5,1160.75
2024-02-22,5087.02978515625,2988.35791015625,103.95999908447266,0.13911882042884827,78.61000061035156,922.0,2144.25,1147.75
2024-02-23,5088.7998046875,3004.881103515625,103.94000244140625,0.139018252491951,76.48999786376953,922.0,2131.25,1133.0
2024-02-26,5069.52978515625,2977.02197265625,103.83000183105469,0.13899700343608856,77.58000183105469,922.0,2129.25,1136.0
2024-02-27,5078.18017578125,3015.48095703125,103.83000183105469,0.13896030187606812,78.87000274658203,922.0,2131.75,1131.25
2024-02-28,5069.759765625,2957.85205078125,103.9800033569336,0.1389390528202057,78.54000091552734,801.0,2132.0,1134.0
2024-02-29,5096.27001953125,3015.1708984375,104.16000366210938,0.13896608352661133,78.26000213623047,795.0,2167.5,1128.25
2024-03-01,5137.080078125,3027.02001953125,103.86000061035156,0.13913623988628387,79.97000122070312,790.0,2188.5,1143.0
2024-03-04,5130.9501953125,3039.305908203125,103.83000183105469,0.13896995782852173,78.73999786376953,789.0,2174.75,1147.0
2024-03-05,5078.64990234375,3047.79296875,103.80000305175781,0.13891009986400604,78.1500015258789,785.0,2166.25,1140.75
2024-03-06,5104.759765625,3039.930908203125,103.37000274658203,0.13896608352661133,79.12999725341797,802.0,2189.75,1140.25
2024-03-07,5157.35986328125,3027.40087890625,102.81999969482422,0.13896802067756653,78.93000030517578,813.0,2201.5,1157.0
2024-03-08,5123.68994140625,3046.01904296875,102.73999786376953,0.1390375792980194,78.01000213623047,814.0,2193.5,1170.5
2024-03-11,5117.93994140625,3068.455078125,102.87000274658203,0.13917496800422668,77.93000030517578,808.0,2210.5,1165.0
2024-03-12,5175.27001953125,3055.93505859375,102.95999908447266,0.1392020881175995,77.55999755859375,800.0,2216.5,1182.0
2024-03-13,5165.31005859375,3043.8349609375,102.79000091552734,0.13925637304782867,79.72000122070312,787.0,2211.0,1181.75
2024-03-14,5150.47998046875,3038.23388671875,103.36000061035156,0.13914784789085388,81.26000213623047,793.0,2193.0,1180.75
2024-03-15,5117.08984375,3054.635986328125,103.43000030517578,0.1390395164489746,81.04000091552734,792.0,2214.0,1198.25
2024-03-18,5149.419921875,3084.926025390625,103.58000183105469,0.13898541033267975,82.72000122070312,799.0,2213.5,1187.75
2024-03-19,5178.509765625,3062.756103515625,103.80999755859375,0.1389429271221161,83.47000122070312,795.0,2203.5,1185.5
2024-03-20,5224.6201171875,3079.68603515625,103.41000366210938,0.13892747461795807,81.68000030517578,794.0,2212.75,1209.5
2024-03-21,5241.52978515625,3077.113037109375,104.0,0.13893520832061768,81.06999969482422,794.0,2237.0,1212.0
2024-03-22,5234.18017578125,3048.033935546875,104.43000030517578,0.13892361521720886,80.62999725341797,794.0,2251.25,1192.5
2024-03-25,5218.18994140625,3026.305908203125,104.2300033569336,0.13834895193576813,81.94999694824219,789.0,2268.0,1209.25
2024-03-26,5203.580078125,3031.48095703125,104.29000091552734,0.13872703909873962,81.62000274658203,789.0,2246.0,1199.0
2024-03-27,5248.490234375,2993.138916015625,104.3499984741211,0.13854828476905823,81.3499984741211,865.0,2247.0,1192.5
2024-03-28,5254.35009765625,3010.6640625,104.55000305175781,0.13839298486709595,83.16999816894531,860.0,2284.25,1191.5
2024-04-01,5243.77001953125,3077.37890625,105.0199966430664,0.13849839568138123,83.70999908447266,863.0,2289.25,1185.75
2024-04-02,5205.81005859375,3074.958984375,104.81999969482422,0.13831833004951477,85.1500015258789,879.0,2326.5,1174.0
2024-04-03,5211.490234375,3069.2958984375,104.25,0.1382666826248169,85.43000030517578,860.0,2372.0,1182.25
2024-04-04,5147.2099609375,,104.12000274658203,0.13822846114635468,86.58999633789062,853.0,2386.75,1180.0
2024-04-05,5204.33984375,,104.30000305175781,0.13823801279067993,86.91000366210938,853.0,2395.25,1185.0
2024-04-08,5202.39013671875,3047.052978515625,104.13999938964844,0.1382858157157898,86.43000030517578,847.0,2405.5,1181.5
2024-04-09,5209.91015625,3048.537109375,104.1500015258789,0.13831833004951477,85.2300033569336,845.0,2407.25,1174.5
2024-04-10,5160.64013671875,3027.3349609375,105.25,0.13829919695854187,86.20999908447266,845.0,2397.25,1164.75
2024-04-11,5199.06005859375,3034.24609375,105.27999877929688,0.1382838934659958,85.0199966430664,850.0,2398.75,1159.25
2024-04-12,5123.41015625,3019.47412109375,106.04000091552734,0.1381998062133789,85.66000366210938,845.0,2436.25,1174.0
2024-04-15,5061.81982421875,3057.3779296875,106.20999908447266,0.13820554316043854,85.41000366210938,845.0,2521.25,1158.25
2024-04-16,5051.41015625,3007.068115234375,106.26000213623047,0.13817881047725677,85.36000061035156,845.0,2515.75,1145.0
2024-04-17,5022.2099609375,3071.381103515625,105.94999694824219,0.13819408416748047,82.69000244140625,840.0,2590.5,1149.5
2024-04-18,5011.1201171875,3074.22509765625,106.1500015258789,0.13817116618156433,82.7300033569336,840.0,2601.5,1134.25
2024-04-19,4967.22998046875,3065.260986328125,106.1500015258789,0.1381845325231552,83.13999938964844,843.0,2680.0,1150.5
2024-04-22,5010.60009765625,3044.594970703125,106.08000183105469,0.1381329894065857,82.8499984741211,843.0,2660.75,1161.0
2024-04-23,5070.5498046875,3021.97802734375,105.69000244140625,0.1380738765001297,83.36000061035156,843.0,2572.0,1167.5
2024-04-24,5071.6298828125,3044.822021484375,105.86000061035156,0.13803574442863464,82.80999755859375,810.0,2600.75,1166.0
2024-04-25,5048.419921875,3052.89990234375,105.5999984741211,0.13804146647453308,83.56999969482422,812.0,2526.0,1162.75
2024-04-26,5099.9599609375,3088.635986328125,105.94000244140625,0.1381482630968094,83.8499984741211,821.0,2554.75,1159.5
2024-04-29,5116.169921875,3113.04296875,105.58000183105469,0.13803385198116302,82.62999725341797,828.0,2566.0,1160.75
2024-04-30,5035.68994140625,3104.824951171875,106.22000122070312,0.1381654441356659,81.93000030517578,813.0,2561.25,1145.5
2024-05-01,5018.39013671875,,105.76000213623047,0.13810819387435913,79.0,810.0,2537.75,1155.75
2024-05-02,5064.2001953125,,105.30000305175781,0.13812345266342163,78.94999694824219,810.0,2491.75,1190.0
2024-05-03,5127.7900390625,,105.02999877929688,0.138152077794075,78.11000061035156,813.0,2512.25,1201.75
2024-05-06,5180.740234375,3140.719970703125,105.05000305175781,0.13819408416748047,78.4800033569336,779.0,2554.25,1234.75
2024-05-07,5187.7001953125,3147.738037109375,105.41000366210938,0.13873474299907684,78.37999725341797,785.0,2527.0,1232.25
2024-05-08,5187.669921875,3128.47998046875,105.55000305175781,0.13853485882282257,78.98999786376953,780.0,2503.75,1212.75
2024-05-09,5214.080078125,3154.320068359375,105.2300033569336,0.13843129575252533,79.26000213623047,785.0,2510.5,1192.75
2024-05-10,5222.68017578125,3154.547119140625,105.30999755859375,0.13852909207344055,78.26000213623047,780.0,2488.25,1205.0
2024-05-13,5221.419921875,3148.02099609375,105.22000122070312,0.13839298486709595,79.12000274658203,781.0,2493.75,1205.5
2024-05-14,5246.68017578125,3145.77392578125,105.01000213623047,0.1382686048746109,78.0199966430664,783.0,2491.5,1199.0
2024-05-15,5308.14990234375,3119.902099609375,104.3499984741211,0.1382686048746109,78.62999725341797,783.0,2533.5,1213.5
2024-05-16,5297.10009765625,3122.40087890625,104.45999908447266,0.13854828476905823,79.2300033569336,786.0,2529.0,1216.25
2024-05-17,5303.27001953125,3154.02587890625,104.44999694824219,0.13856172561645508,80.05999755859375,787.0,2533.5,1228.0
2024-05-20,5308.1298828125,3171.14501953125,104.56999969482422,0.13845238089561462,79.80000305175781,789.0,2557.5,1248.0
2024-05-21,5321.41015625,3157.966064453125,104.66000366210938,0.13828007876873016,79.26000213623047,791.0,2651.0,1236.25
2024-05-22,5307.009765625,3158.5400390625,104.94000244140625,0.1381673514842987,77.56999969482422,789.0,2568.0,1246.25
2024-05-23,5267.83984375,3116.386962890625,105.11000061035156,0.13811582326889038,76.87000274658203,789.0,2550.25,1239.25
2024-05-24,5304.72021484375,3088.87109375,104.72000122070312,0.13809293508529663,77.72000122070312,789.0,2588.25,1248.0
2024-05-28,5306.0400390625,3109.572021484375,104.61000061035156,0.13809293508529663,79.83000183105469,791.0,2654.75,1229.5
2024-05-29,5266.9501953125,3111.01806640625,105.0999984741211,0.13802622258663177,79.2300033569336,779.0,2703.5,1214.0
2024-05-30,5235.47998046875,3091.677978515625,104.72000122070312,0.13794244825839996,77.91000366210938,772.0,2648.0,1209.75
2024-05-31,5277.509765625,3086.81298828125,104.66999816894531,0.13824565708637238,76.98999786376953,761.0,2591.5,1205.0
2024-06-03,5283.39990234375,3078.489013671875,104.13999938964844,0.1381024718284607,74.22000122070312,751.0,2601.75,1184.5
2024-06-04,5291.33984375,3091.198974609375,104.11000061035156,0.13808339834213257,73.25,741.0,2599.5,1179.0
2024-06-05,5354.02978515625,3065.403076171875,104.2699966430664,0.13808339834213257,74.06999969482422,742.0,2558.25,1177.25
2024-06-06,5352.9599609375,3048.7939453125,104.0999984741211,0.13799384236335754,75.55000305175781,730.0,2592.75,1200.0
2024-06-07,5346.990234375,3051.279052734375,104.88999938964844,0.1380433738231659,75.52999877929688,728.0,2507.75,1179.25
2024-06-10,5360.7900390625,,105.1500015258789,0.13799193501472473,77.73999786376953,725.0,2499.5,1188.25
2024-06-11,5375.31982421875,3028.044921875,105.2300033569336,0.13799193501472473,77.9000015258789,728.0,2459.25,1178.0
2024-06-12,5421.02978515625,3037.468017578125,104.6500015258789,0.13799384236335754,78.5,733.0,2496.75,1177.25
2024-06-13,5433.740234375,3028.9189453125,105.19999694824219,0.13815779983997345,78.62000274658203,735.0,2477.0,1189.5
2024-06-14,5431.60009765625,3032.633056640625,105.55000305175781,0.13790060579776764,78.44999694824219,735.0,2440.75,1179.75
2024-06-17,5473.22998046875,3015.89111328125,105.31999969482422,0.13784927129745483,80.33000183105469,735.0,2425.5,1157.75
2024-06-18,5487.02978515625,3030.24609375,105.26000213623047,0.13783597946166992,81.56999969482422,732.0,2416.5,1174.0
2024-06-20,5473.169921875,3005.43701171875,105.58999633789062,0.13781128823757172,82.16999816894531,725.0,2441.75,1155.25
2024-06-21,5464.6201171875,2998.137939453125,105.80000305175781,0.13775812089443207,80.7300033569336,721.0,2432.25,1160.5
2024-06-24,5447.8701171875,2963.09912109375,105.47000122070312,0.13775622844696045,81.62999725341797,717.0,2423.0,1175.25
2024-06-25,5469.2998046875,2949.99609375,105.61000061035156,0.1377847045660019,80.83000183105469,717.0,2421.25,1163.25
2024-06-26,5477.89990234375,2972.52490234375,106.05000305175781,0.13771449029445648,80.9000015258789,675.0,2434.5,1162.75
2024-06-27,5482.8701171875,2945.85205078125,105.91000366210938,0.13767467439174652,81.73999786376953,676.0,2436.0,1152.25
2024-06-28,5460.47998046875,2967.403076171875,105.87000274658203,0.13760457932949066,81.54000091552734,674.0,2457.25,1150.5
2024-07-01,5475.08984375,2994.72998046875,105.9000015258789,0.13763108849525452,83.37999725341797,674.0,2444.25,1159.5
2024-07-02,5509.009765625,2997.010986328125,105.72000122070312,0.13761025667190552,82.80999755859375,670.0,2450.0,1165.0
2024-07-03,5537.02001953125,2982.3759765625,105.4000015258789,0.13756293058395386,83.87999725341797,669.0,2483.75,1176.5
2024-07-05,5567.18994140625,2949.93310546875,104.87999725341797,0.13763108849525452,83.16000366210938,675.0,2457.5,1188.5
2024-07-08,5572.85009765625,2922.449951171875,105.01000213623047,0.13759322464466095,82.33000183105469,673.0,2456.25,1174.25
2024-07-09,5576.97998046875,2959.3720703125,105.12000274658203,0.13760647177696228,81.41000366210938,670.0,2420.25,1161.5
2024-07-10,5633.91015625,2939.364013671875,105.05000305175781,0.13751941919326782,82.0999984741211,669.0,2400.0,1141.25
2024-07-11,5584.5400390625,2970.386962890625,104.44000244140625,0.13746649026870728,82.62000274658203,666.0,2390.25,1142.75
2024-07-12,5615.35009765625,2971.294921875,104.08999633789062,0.13783977925777435,82.20999908447266,665.0,2388.25,1134.5
2024-07-15,5631.22021484375,2974.010986328125,104.19000244140625,0.13794244825839996,81.91000366210938,662.0,2362.0,1078.0
2024-07-16,5667.2001953125,2976.303955078125,104.2699966430664,0.1377619206905365,80.76000213623047,660.0,2314.5,1090.5
2024-07-17,5588.27001953125,2962.85498046875,103.75,0.13772965967655182,82.8499984741211,659.0,2313.25,1097.25
2024-07-18,5544.58984375,2977.133056640625,104.16999816894531,0.13775242865085602,82.81999969482422,659.0,2292.75,1098.5
2024-07-19,5505.0,2982.30908203125,104.4000015258789,0.1377619206905365,80.12999725341797,657.0,2263.5,1097.25
2024-07-22,5564.41015625,2964.216064453125,104.30999755859375,0.13757050037384033,79.77999877929688,657.0,2210.5,1117.75
2024-07-23,5555.740234375,2915.368896484375,104.44999694824219,0.13750052452087402,76.95999908447266,655.0,2211.5,1117.5
2024-07-24,5427.1298828125,2901.951904296875,104.38999938964844,0.1374702751636505,77.58999633789062,658.0,2219.0,1111.0
2024-07-25,5399.22021484375,2886.741943359375,104.36000061035156,0.1377182900905609,78.27999877929688,664.0,2188.0,1116.0
2024-07-26,5459.10009765625,2890.89697265625,104.31999969482422,0.13831067085266113,77.16000366210938,664.0,2212.0,1077.5
2024-07-29,5463.5400390625,2891.844970703125,104.55999755859375,0.13792912662029266,75.80999755859375,664.0,2163.5,1054.75
2024-07-30,5436.43994140625,2879.300048828125,104.55000305175781,0.1377733051776886,74.7300033569336,666.0,2125.0,1027.25
2024-07-31,5522.2998046875,2938.7490234375,104.0999984741211,0.13791771233081818,77.91000366210938,704.0,2189.0,1028.5
2024-08-01,5446.68017578125,2932.386962890625,104.41999816894531,0.13855789601802826,76.30999755859375,688.0,2176.25,1022.0
2024-08-02,5346.56005859375,2905.337890625,103.20999908447266,0.13806813955307007,73.5199966430664,681.0,2155.0,1029.25
2024-08-05,5186.330078125,2860.697998046875,102.69000244140625,0.13971944153308868,72.94000244140625,687.0,2134.75,1044.25
2024-08-06,5240.02978515625,2867.283935546875,102.97000122070312,0.14044548571109772,73.19999694824219,685.0,2181.0,1028.5
2024-08-07,5199.5,2869.833984375,103.19999694824219,0.13973701000213623,75.2300033569336,684.0,2177.25,1020.25
2024-08-08,5319.31005859375,2869.90087890625,103.20999908447266,0.13926994800567627,76.19000244140625,678.0,2167.0,1009.75
2024-08-09,5344.16015625,2862.194091796875,103.13999938964844,0.13939808309078217,76.83999633789062,680.0,2182.25,1028.0
2024-08-12,5344.39013671875,2858.205078125,103.13999938964844,0.13954202830791473,80.05999755859375,678.0,2199.0,1012.0
2024-08-13,5434.43017578125,2867.946044921875,102.55999755859375,0.13939225673675537,78.3499984741211,676.0,2211.0,989.0
2024-08-14,5455.2099609375,2850.654052734375,102.56999969482422,0.1398034393787384,76.9800033569336,660.0,2211.0,979.75
2024-08-15,5543.22021484375,2877.35791015625,102.9800033569336,0.14010900259017944,78.16000366210938,660.0,2237.0,951.5
2024-08-16,5554.25,2879.429931640625,102.45999908447266,0.13940390944480896,76.6500015258789,656.0,2235.5,938.75
2024-08-19,5608.25,2893.674072265625,101.88999938964844,0.13958682119846344,74.37000274658203,662.0,2308.75,956.25
2024-08-20,5597.1201171875,2866.660888671875,101.44000244140625,0.14004620909690857,74.04000091552734,662.0,2357.0,957.25
2024-08-21,5620.85009765625,2856.583984375,101.04000091552734,0.14021313190460205,71.93000030517578,672.0,2346.75,963.0
2024-08-22,5570.64013671875,2848.77197265625,101.51000213623047,0.14021705090999603,73.01000213623047,672.0,2350.25,941.25
2024-08-23,5634.60986328125,2854.367919921875,100.72000122070312,0.13996976613998413,74.83000183105469,672.0,2419.5,952.0
2024-08-26,5616.83984375,2855.52001953125,100.8499984741211,0.14037057757377625,77.41999816894531,670.0,2412.5,959.75
2024-08-27,5625.7998046875,2848.73095703125,100.55000305175781,0.1404869258403778,75.52999877929688,671.0,2418.25,967.5
2024-08-28,5592.18017578125,2837.428955078125,101.08999633789062,0.14038832485675812,74.5199966430664,730.0,2363.0,958.5
2024-08-29,5591.9599609375,2823.10595703125,101.33999633789062,0.1403646618127823,75.91000366210938,725.0,2344.75,973.75
2024-08-30,5648.39990234375,2842.214111328125,101.69999694824219,0.14093439280986786,73.55000305175781,714.0,2342.5,982.0
2024-09-03,5528.93017578125,2802.97900390625,101.83000183105469,0.14051653444766998,70.33999633789062,700.0,2294.5,997.0
2024-09-04,5520.06982421875,2784.278076171875,101.36000061035156,0.14044155180454254,69.19999694824219,689.0,2293.0,1006.0
2024-09-05,5503.41015625,2788.31396484375,101.11000061035156,0.14060939848423004,69.1500015258789,699.0,2269.5,1008.25
2024-09-06,5408.419921875,2765.806884765625,101.18000030517578,0.1410178691148758,67.66999816894531,700.0,2258.0,989.25
2024-09-09,5471.0498046875,2736.488037109375,101.55000305175781,0.14108550548553467,68.70999908447266,700.0,2257.5,1000.0
2024-09-10,5495.52001953125,2744.19189453125,101.62999725341797,0.14057579636573792,65.75,700.0,2259.5,977.5
2024-09-11,5554.1298828125,2721.794921875,101.68000030517578,0.1404336541891098,67.30999755859375,700.0,2300.0,979.75
2024-09-12,5595.759765625,2717.123046875,101.37000274658203,0.14045535027980804,68.97000122070312,698.0,2334.5,991.5
2024-09-13,5626.02001953125,2704.090087890625,101.11000061035156,0.14051653444766998,68.6500015258789,698.0,2380.0,986.75
2024-09-16,5633.08984375,,100.76000213623047,0.14099003374576569,70.08999633789062,698.0,2437.5,1004.5
2024-09-17,5634.580078125,,100.88999938964844,0.14099399745464325,71.19000244140625,700.0,2430.25,1006.0
2024-09-18,5618.259765625,2717.281005859375,100.5999984741211,0.14099399745464325,70.91000366210938,703.0,2437.5,1014.0
2024-09-19,5713.64013671875,2736.02197265625,100.61000061035156,0.1412229984998703,71.94999694824219,705.0,2463.25,1013.25
2024-09-20,5702.5498046875,2736.81396484375,100.72000122070312,0.1415027678012848,71.91999816894531,704.0,2402.25,1012.0
2024-09-23,5718.56982421875,2748.91796875,100.91999816894531,0.141825869679451,70.37000274658203,704.0,2408.0,1039.25
2024-09-24,5732.93017578125,2863.1259765625,100.37000274658203,0.1418178230524063,71.55999755859375,704.0,2484.5,1042.25
2024-09-25,5722.259765625,2896.305908203125,100.91999816894531,0.14224345982074738,69.69000244140625,726.0,2451.75,1053.25
2024-09-26,5745.3701171875,3000.952880859375,100.55999755859375,0.1422009915113449,67.66999816894531,735.0,2543.0,1041.0
2024-09-27,5738.169921875,3087.529052734375,100.41999816894531,0.14267371594905853,68.18000030517578,734.0,2579.0,1065.75
2024-09-30,5762.47998046875,3336.4970703125,100.77999877929688,0.14264725148677826,68.16999816894531,735.0,2534.25,1057.0
2024-10-01,5708.75,,101.19000244140625,0.1425008922815323,69.83000183105469,727.0,2564.75,1057.25
2024-10-02,5709.5400390625,,101.68000030517578,0.14223942160606384,70.0999984741211,715.0,2580.5,1056.0
2024-10-03,5699.93994140625,,101.98999786376953,0.14209187030792236,73.70999908447266,724.0,2551.25,1046.0
2024-10-04,5751.06982421875,,102.5199966430664,0.14194262027740479,74.37999725341797,724.0,2583.75,1037.75
2024-10-07,5695.93994140625,,102.54000091552734,0.1425008922815323,77.13999938964844,721.0,2590.5,1034.0
2024-10-08,5751.1298828125,3489.77490234375,102.55000305175781,0.1424684077501297,73.56999969482422,711.0,2496.25,1016.25
2024-10-09,5792.0400390625,3258.85791015625,102.93000030517578,0.14168721437454224,73.23999786376953,700.0,2463.0,1020.25
2024-10-10,5780.0498046875,3301.926025390625,102.98999786376953,0.1412409394979477,75.8499984741211,701.0,2520.75,1014.75
2024-10-11,5815.02978515625,3217.738037109375,102.88999938964844,0.1412409394979477,75.55999755859375,705.0,2569.75,1005.5
2024-10-14,5859.85009765625,3284.322998046875,103.30000305175781,0.1415388137102127,73.83000183105469,698.0,2533.75,996.0
2024-10-15,5815.259765625,3201.2919921875,103.26000213623047,0.14109943807125092,70.58000183105469,698.0,2515.5,991.0
2024-10-16,5842.47021484375,3202.947998046875,103.58999633789062,0.14049284160137177,70.38999938964844,705.0,2525.25,980.0
2024-10-17,5841.47021484375,3169.384033203125,103.83000183105469,0.14048101007938385,70.66999816894531,705.0,2503.75,988.75
2024-10-18,5864.669921875,3261.56298828125,103.48999786376953,0.1403902769088745,69.22000122070312,705.0,2566.25,970.0
2024-10-21,5853.97998046875,3268.110107421875,104.01000213623047,0.1408292055130005,70.55999755859375,705.0,2541.5,981.0
2024-10-22,5851.2001953125,3285.866943359375,104.08000183105469,0.1404889076948166,72.08999633789062,705.0,2574.5,991.75
2024-10-23,5797.419921875,3302.802978515625,104.43000030517578,0.14041592180728912,70.7699966430664,704.0,2612.25,997.5
2024-10-24,5809.85986328125,3280.262939453125,104.05999755859375,0.14034496247768402,70.19000244140625,704.0,2597.25,996.25
2024-10-25,5808.1201171875,3299.699951171875,104.26000213623047,0.1404750794172287,71.77999877929688,704.0,2629.0,987.75
2024-10-28,5823.52001953125,3322.197998046875,104.31999969482422,0.1404474675655365,67.37999725341797,710.0,2590.5,974.0
2024-10-29,5832.919921875,3286.406982421875,104.27999877929688,0.1403016448020935,67.20999908447266,709.0,2606.0,965.25
2024-10-30,5813.669921875,3266.238037109375,103.98999786376953,0.14025048911571503,68.61000061035156,701.0,2563.0,976.5
2024-10-31,5705.4501953125,3279.823974609375,103.9800033569336,0.1405520886182785,69.26000213623047,715.0,2560.5,982.5
2024-11-01,5728.7998046875,3272.013916015625,104.27999877929688,0.14047902822494507,69.48999786376953,714.0,2546.25,982.5
2024-11-04,5712.68994140625,3310.20703125,103.88999938964844,0.14041592180728912,71.47000122070312,702.0,2560.75,987.25
2024-11-05,5782.759765625,3386.987060546875,103.41999816894531,0.1408887356519699,71.98999786376953,702.0,2616.75,993.75
2024-11-06,5929.0400390625,3383.805908203125,105.08999633789062,0.14080144464969635,71.69000244140625,706.0,2548.75,994.5
2024-11-07,5973.10009765625,3470.660888671875,104.51000213623047,0.13933593034744263,72.36000061035156,707.0,2654.5,1015.5
2024-11-08,5995.5400390625,3452.297119140625,105.0,0.14003248512744904,70.37999725341797,707.0,2561.75,1016.75
2024-11-11,6001.35009765625,3470.06591796875,105.54000091552734,0.13931068778038025,68.04000091552734,698.0,2502.5,1011.75
2024-11-12,5983.990234375,3421.969970703125,106.0199966430664,0.13867509365081787,68.12000274658203,697.0,2471.0,1003.5
2024-11-13,5985.3798828125,3439.278076171875,106.4800033569336,0.13828198611736298,68.43000030517578,685.0,2452.25,1004.25
2024-11-14,5949.169921875,3379.839111328125,106.66999816894531,0.13843704760074615,68.69999694824219,692.0,2428.5,985.75
2024-11-15,5870.6201171875,3330.72607421875,106.69000244140625,0.13832789659500122,67.0199966430664,691.0,2566.75,998.5
2024-11-18,5893.6201171875,3323.84912109375,106.27999877929688,0.13829346001148224,69.16000366210938,691.0,2535.5,1009.75
2024-11-19,5916.97998046875,3346.010009765625,106.20999908447266,0.13820935785770416,69.38999938964844,686.0,2575.25,998.5
2024-11-20,5917.10986328125,3367.989013671875,106.68000030517578,0.13815779983997345,68.87000274658203,680.0,2573.25,990.5
2024-11-21,5948.7099609375,3370.404052734375,106.97000122070312,0.1380452811717987,70.0999984741211,680.0,2570.5,977.75
2024-11-22,5969.33984375,3267.19189453125,107.48999786376953,0.13824184238910675,71.23999786376953,680.0,2556.0,983.5
2024-11-25,5987.3701171875,3263.760009765625,106.81999969482422,0.13808339834213257,68.94000244140625,676.0,2580.75,985.75
2024-11-26,6021.6298828125,3259.757080078125,107.01000213623047,0.13813108205795288,68.7699966430664,677.0,2555.25,983.5
2024-11-27,5998.740234375,3309.779052734375,106.08000183105469,0.13789299130439758,68.72000122070312,702.0,2556.5,988.75
2024-11-29,6032.3798828125,3326.4560546875,105.73999786376953,0.13806624710559845,68.0,700.0,2562.0,989.5
2024-12-02,6047.14990234375,3363.98193359375,106.44999694824219,0.13810819387435913,68.0999984741211,700.0,2559.0,985.25
2024-12-03,6049.8798828125,3378.805908203125,106.37000274658203,0.13753455877304077,69.94000244140625,690.0,2590.5,991.75
2024-12-04,6086.490234375,3364.64990234375,106.33999633789062,0.13729096949100494,68.54000091552734,686.0,2625.25,983.75
2024-12-05,6075.10986328125,3368.85498046875,105.70999908447266,0.1376841515302658,68.30000305175781,689.0,2614.25,993.75
2024-12-06,6090.27001953125,3404.075927734375,105.97000122070312,0.13775622844696045,67.19999694824219,689.0,2549.0,993.75
2024-12-09,6052.85009765625,3402.533935546875,106.1500015258789,0.13756482303142548,68.37000274658203,675.0,2524.5,990.0
2024-12-10,6034.91015625,3422.660888671875,106.4000015258789,0.1377505362033844,68.58999633789062,675.0,2518.25,994.75
2024-12-11,6084.18994140625,3432.489990234375,106.70999908447266,0.13795576989650726,70.29000091552734,677.0,2535.0,995.5
2024-12-12,6051.25,3461.5,106.95999908447266,0.13772018253803253,70.0199966430664,675.0,2535.5,995.75
2024-12-13,6051.08984375,3391.8779296875,107.0,0.1375970095396042,71.29000091552734,675.0,2521.25,988.25
2024-12-16,6074.080078125,3386.3310546875,106.86000061035156,0.13745515048503876,70.70999908447266,675.0,2488.75,982.0
2024-12-17,6050.60986328125,3361.485107421875,106.95999908447266,0.13731735944747925,70.08000183105469,675.0,2464.0,976.75
2024-12-18,5872.16015625,3382.2080078125,108.02999877929688,0.13727590441703796,70.58000183105469,680.0,2467.0,951.75
2024-12-19,5867.080078125,3370.032958984375,108.41000366210938,0.1372608244419098,69.91000366210938,679.0,2448.25,963.0
2024-12-20,5930.85009765625,3368.069091796875,107.62000274658203,0.13707266747951508,69.45999908447266,679.0,2481.0,974.5
2024-12-23,5974.06982421875,3351.257080078125,108.04000091552734,0.13707266747951508,69.23999786376953,683.0,2477.25,969.5
2024-12-24,6040.0400390625,3393.528076171875,108.26000213623047,0.13704262673854828,70.0999984741211,681.0,2532.0,975.25
2024-12-26,6037.58984375,3398.076904296875,108.12999725341797,0.13703885674476624,69.62000274658203,720.0,2507.0,988.0
2024-12-27,5970.83984375,3400.14208984375,108.0,0.137036994099617,70.5999984741211,730.0,2530.0,980.0
2024-12-30,5906.93994140625,3407.325927734375,108.12999725341797,0.1370275914669037,70.98999786376953,725.0,2545.25,982.0
2024-12-31,5881.6298828125,3351.762939453125,108.48999786376953,0.1370219588279724,71.72000122070312,709.0,2521.75,998.25
2025-01-02,5868.5498046875,3262.56103515625,109.38999938964844,0.1370219588279724,73.12999725341797,708.0,2498.25,999.5
2025-01-03,5942.47021484375,3211.429931640625,108.94999694824219,0.1370125710964203,73.95999908447266,708.0,2458.0,981.0
2025-01-06,5975.3798828125,3206.923095703125,108.26000213623047,0.1366194784641266,73.55999755859375,718.0,2469.25,992.5
2025-01-07,5909.02978515625,3229.64404296875,108.54000091552734,0.13656911253929138,74.25,710.0,2491.75,992.25
2025-01-08,5918.25,3230.16796875,109.08999633789062,0.13649268448352814,73.31999969482422,702.0,2467.0,987.5
2025-01-10,5827.0400390625,3168.52392578125,109.6500015258789,0.13638657331466675,76.56999969482422,704.0,2549.25,1013.5
2025-01-13,5836.22021484375,3160.7548828125,109.95999908447266,0.13639402389526367,78.81999969482422,705.0,2568.5,1041.5
2025-01-14,5842.91015625,3240.93994140625,109.2699966430664,0.13642936944961548,77.5,707.0,2571.75,1043.0
2025-01-15,5949.91015625,3227.116943359375,109.08999633789062,0.13640889525413513,80.04000091552734,699.0,2608.25,1042.75
2025-01-16,5937.33984375,3236.031982421875,108.95999908447266,0.13642378151416779,78.68000030517578,696.0,2655.5,1019.0
2025-01-17,5996.66015625,3241.821044921875,109.3499984741211,0.1364070475101471,77.87999725341797,695.0,2686.75,1034.0
2025-01-21,6049.240234375,3242.623046875,108.05999755859375,0.1367371678352356,75.88999938964844,691.0,2663.5,1067.25
2025-01-22,6086.3701171875,3213.6240234375,108.16999816894531,0.13752888143062592,75.44000244140625,688.0,2638.5,1056.0
2025-01-23,6118.7099609375,3230.1640625,108.05000305175781,0.13752888143062592,74.62000274658203,688.0,2634.5,1065.5
2025-01-24,6101.240234375,3252.6259765625,107.44000244140625,0.13724574446678162,74.66000366210938,688.0,2657.75,1055.75
2025-01-27,6012.27978515625,3250.60107421875,107.33999633789062,0.13806243240833282,73.16999816894531,689.0,2602.75,1045.0
2025-01-28,6067.7001953125,,107.87000274658203,0.13791771233081818,73.7699966430664,689.0,2563.0,1045.0
2025-01-29,6039.31005859375,,108.0,0.13792723417282104,72.62000274658203,735.0,2612.25,1060.5
2025-01-30,6071.169921875,,107.80000305175781,0.13948947191238403,72.7300033569336,732.0,2618.75,1044.0
2025-01-31,6040.52978515625,,108.37000274658203,0.13925831019878387,72.52999877929688,740.0,2586.0,1042.0
2025-02-03,5994.56982421875,,108.98999786376953,0.13916334509849548,73.16000366210938,742.0,2617.0,1058.25
2025-02-04,6037.8798828125,,107.95999908447266,0.13898541033267975,72.69999694824219,735.0,2631.0,1075.0
2025-02-05,6061.47998046875,3229.488037109375,107.58000183105469,0.13923892378807068,71.02999877929688,742.0,2601.5,1057.0
2025-02-06,6083.56982421875,3270.658935546875,107.69000244140625,0.13754211366176605,70.61000061035156,740.0,2620.75,1060.5
2025-02-07,6025.990234375,3303.6669921875,108.04000091552734,0.13721562922000885,71.0,755.0,2623.75,1049.5
2025-02-10,6066.43994140625,3322.169921875,108.31999969482422,0.13723444938659668,72.31999969482422,759.0,2636.25,1049.5
2025-02-11,6068.5,3318.056884765625,107.95999908447266,0.13690191507339478,73.31999969482422,760.0,2620.75,1043.5
2025-02-12,6051.97021484375,3346.385009765625,107.94000244140625,0.13685132563114166,71.37000274658203,765.0,2587.5,1027.75
2025-02-13,6115.06982421875,3332.48291015625,107.30999755859375,0.13682135939598083,71.29000091552734,767.0,2571.75,1030.0
2025-02-14,6114.6298828125,3346.72412109375,106.56999969482422,0.13719679415225983,70.73999786376953,768.0,2612.25,1036.0
2025-02-18,6129.580078125,3324.490966796875,107.05000305175781,0.13787399232387543,71.8499984741211,773.0,2638.25,1038.5
2025-02-19,6144.14990234375,3351.5390625,107.16999816894531,0.13738904893398285,72.25,777.0,2652.5,1031.75
2025-02-20,6117.52001953125,3350.782958984375,106.33999633789062,0.13730040192604065,72.56999969482422,779.0,2692.25,1045.5
2025-02-21,6013.1298828125,3379.113037109375,106.61000061035156,0.13782647252082825,70.4000015258789,778.0,2694.0,1039.5
2025-02-24,5983.25,3373.028076171875,106.5999984741211,0.13793103396892548,70.69999694824219,779.0,2620.25,1029.0
2025-02-25,5955.25,3346.0400390625,106.30999755859375,0.13797670602798462,68.93000030517578,779.0,2585.5,1031.25
2025-02-26,5956.06005859375,3380.214111328125,106.41999816894531,0.13797670602798462,68.62000274658203,907.0,2597.25,1024.5
2025-02-27,5861.56982421875,3388.06201171875,107.23999786376953,0.13777899742126465,70.3499984741211,905.0,2596.25,1022.75
2025-02-28,5954.5,3320.89697265625,107.61000061035156,0.1372627168893814,69.76000213623047,912.0,2561.5,1011.5
2025-03-03,5849.72021484375,3316.925048828125,106.75,0.13730981945991516,68.37000274658203,914.0,2567.75,998.25
2025-03-04,5778.14990234375,3324.2099609375,105.73999786376953,0.13728155195713043,68.26000213623047,914.0,2575.75,984.0
2025-03-05,5842.6298828125,3341.965087890625,105.73999786376953,0.13764435052871704,66.30999755859375,926.0,2610.0,997.75
2025-03-06,5738.52001953125,3381.097900390625,104.05999755859375,0.137919619679451,66.36000061035156,922.0,2656.75,1014.0
2025-03-07,5770.2001953125,3372.5458984375,103.83999633789062,0.137919619679451,67.04000091552734,925.0,2661.5,1010.25
2025-03-10,5614.56005859375,3366.1630859375,103.91000366210938,0.13823610544204712,66.02999877929688,925.0,2651.0,999.75
2025-03-11,5572.06982421875,3379.827880859375,103.44000244140625,0.13775812089443207,66.25,927.0,2649.0,997.75
2025-03-12,5599.2998046875,3371.924072265625,103.61000061035156,0.13775812089443207,67.68000030517578,944.0,2648.75,987.5
2025-03-13,5521.52001953125,3358.72900390625,103.83000183105469,0.13817688822746277,66.55000305175781,940.0,2645.25,996.75
2025-03-14,5638.93994140625,3419.56201171875,103.72000122070312,0.13817688822746277,67.18000030517578,939.0,2624.5,999.25
2025-03-17,5675.1201171875,3426.12890625,103.37000274658203,0.13817688822746277,67.58000183105469,940.0,2633.25,1015.5
2025-03-18,5614.66015625,3429.759033203125,103.23999786376953,0.13826096057891846,66.9000015258789,940.0,2596.75,1012.75
2025-03-19,5675.2900390625,3426.428955078125,103.43000030517578,0.1383642554283142,67.16000366210938,937.0,2604.0,1008.25
2025-03-20,5662.89013671875,3408.947998046875,103.8499984741211,0.13831259310245514,68.26000213623047,938.0,2597.5,1013.0
2025-03-21,5667.56005859375,3364.8310546875,104.08999633789062,0.1379747986793518,68.27999877929688,937.0,2553.5,1009.75
2025-03-24,5767.56982421875,3370.028076171875,104.26000213623047,0.1379595845937729,69.11000061035156,934.0,2538.5,1007.25
2025-03-25,5776.64990234375,3369.97607421875,104.18000030517578,0.13787399232387543,69.0,934.0,2526.75,1001.75
2025-03-26,5712.2001953125,3368.697021484375,104.55000305175781,0.13779988884925842,69.6500015258789,905.0,2533.5,1001.0
2025-03-27,5693.31005859375,3373.7490234375,104.06999969482422,0.13779988884925842,69.91999816894531,890.0,2479.0,1016.75
2025-03-28,5580.93994140625,3351.306884765625,104.04000091552734,0.13767847418785095,69.36000061035156,890.0,2459.5,1023.0
2025-03-31,5611.85009765625,3335.74609375,104.20999908447266,0.13768793642520905,71.4800033569336,890.0,2432.25,1014.75
2025-04-01,5633.06982421875,3348.43505859375,104.26000213623047,0.13780368864536285,71.19999694824219,895.0,2400.5,1034.25
2025-04-02,5670.97021484375,3350.126953125,103.80999755859375,0.137557253241539,71.70999908447266,915.0,2366.5,1029.5
2025-04-03,5396.52001953125,3342.008056640625,102.06999969482422,0.1375989019870758,66.94999694824219,913.0,2296.25,1011.5
2025-04-04,5074.080078125,,103.0199966430664,0.1375989019870758,61.9900016784668,932.0,2209.5,977.0
2025-04-07,5062.25,3096.575927734375,103.26000213623047,0.13733811676502228,60.70000076293945,930.0,2199.25,983.0
2025-04-08,4982.77001953125,3145.549072265625,102.95999908447266,0.13683447241783142,59.58000183105469,920.0,2190.75,992.75
2025-04-09,5456.89990234375,3186.81005859375,102.9000015258789,0.13626205921173096,62.349998474121094,920.0,2166.25,1012.75
2025-04-10,5268.0498046875,3223.637939453125,100.87000274658203,0.13605442643165588,60.06999969482422,930.0,2251.0,1029.0
2025-04-11,5363.35986328125,3238.22705078125,99.77999877929688,0.1367240846157074,61.5,938.0,2300.0,1042.75
2025-04-14,5405.97021484375,3262.80810546875,99.63999938964844,0.13714410364627838,61.529998779296875,938.0,2306.75,1041.75
2025-04-15,5396.6298828125,3267.662109375,100.22000122070312,0.13676334917545319,61.33000183105469,939.0,2317.5,1036.0
2025-04-16,5275.7001953125,3276.00390625,99.37999725341797,0.13676334917545319,62.470001220703125,940.0,2310.5,1038.75
2025-04-17,5282.7001953125,3280.341064453125,99.37999725341797,0.13676334917545319,64.68000030517578,940.0,2307.5,1036.5
2025-04-21,5158.2001953125,3291.43408203125,98.27999877929688,,63.08000183105469,940.0,2330.5,1029.5
2025-04-22,5287.759765625,3299.757080078125,98.91999816894531,0.13700507581233978,64.30999755859375,940.0,2303.25,1035.0
2025-04-23,5375.85986328125,3296.35498046875,99.83999633789062,0.1367652267217636,62.27000045776367,942.0,2345.75,1040.25
2025-04-24,5484.77001953125,3297.2880859375,99.29000091552734,0.13724952936172485,62.790000915527344,944.0,2390.0,1053.0
2025-04-25,5525.2099609375,3295.06005859375,99.47000122070312,0.13724952936172485,63.02000045776367,944.0,2351.25,1049.75
2025-04-28,5528.75,3288.4150390625,99.01000213623047,0.13724198937416077,62.04999923706055,944.0,2347.5,1052.0
2025-04-29,5560.830078125,3286.655029296875,99.23999786376953,0.1370989829301834,60.41999816894531,944.0,2354.0,1041.0
2025-04-30,5569.06005859375,3279.031005859375,99.47000122070312,0.13757050037384033,58.209999084472656,866.0,2292.75,1034.75
2025-05-01,5604.14013671875,,100.25,0.13754023611545563,59.2400016784668,867.0,2293.25,1040.25
2025-05-02,5686.669921875,,100.0,0.13754023611545563,58.290000915527344,874.0,2307.75,1048.75
2025-05-05,5650.3798828125,,99.83000183105469,0.13754023611545563,57.130001068115234,875.0,2306.75,1038.0
2025-05-06,5606.91015625,3316.114013671875,99.23999786376953,0.13755157589912415,59.09000015258789,872.0,2310.25,1034.75
2025-05-07,5631.27978515625,3342.6650390625,99.61000061035156,0.13857516646385193,58.06999969482422,890.0,2269.75,1030.5
2025-05-08,5663.93994140625,3351.99609375,100.63999938964844,0.1384044736623764,59.90999984741211,890.0,2294.25,1036.75
2025-05-09,5659.91015625,3341.9990234375,100.33999633789062,0.1384044736623764,61.02000045776367,890.0,2309.25,1044.0
2025-05-12,5844.18994140625,3369.2451171875,101.79000091552734,0.13819217681884766,61.95000076293945,890.0,2382.0,1066.0
2025-05-13,5886.5498046875,3374.87109375,101.0,0.13885417580604553,63.66999816894531,885.0,2400.75,1067.25
2025-05-14,5892.580078125,3403.947998046875,101.04000091552734,0.13877902925014496,63.150001525878906,891.0,2457.25,1067.0
2025-05-15,5916.93017578125,3380.821044921875,100.87999725341797,0.13877902925014496,61.619998931884766,900.0,2403.5,1051.25
2025-05-16,5958.3798828125,3367.4619140625,101.08999633789062,0.13876362144947052,62.4900016784668,895.0,2389.75,1050.0
2025-05-19,5963.60009765625,3367.5830078125,100.43000030517578,0.1387154906988144,62.689998626708984,895.0,2355.25,1050.75
2025-05-20,5940.4599609375,3380.47802734375,100.12000274658203,0.1387154906988144,62.560001373291016,893.0,2372.25,1053.0
2025-05-21,5844.60986328125,3387.573974609375,99.55999755859375,0.1385156661272049,61.56999969482422,903.0,2374.25,1062.75
2025-05-22,5842.009765625,3380.18896484375,99.95999908447266,0.13885225355625153,61.20000076293945,903.0,2350.25,1067.5
2025-05-23,5802.81982421875,3348.3720703125,99.11000061035156,0.13881754875183105,61.529998779296875,903.0,2357.5,1060.25
2025-05-27,5921.5400390625,3340.68701171875,99.5199966430664,0.13881754875183105,60.88999938964844,903.0,2373.5,1062.5
2025-05-28,5888.5498046875,3339.931884765625,99.87999725341797,0.13881754875183105,61.84000015258789,835.0,2358.25,1048.5
2025-05-29,5912.169921875,3363.446044921875,99.27999877929688,0.13881754875183105,60.939998626708984,842.0,2344.25,1051.75
2025-05-30,5911.68994140625,3347.487060546875,99.33000183105469,0.13881754875183105,60.790000915527344,840.0,2348.5,1041.75
2025-06-02,5935.93994140625,,98.69999694824219,0.13881754875183105,62.52000045776367,893.0,2381.75,1033.5
2025-06-03,5970.3701171875,3361.97607421875,99.25,0.13881754875183105,63.40999984741211,870.0,2371.0,1040.75
2025-06-04,5970.81005859375,3376.202880859375,98.79000091552734,0.13881754875183105,62.849998474121094,872.0,2390.75,1045.0
2025-06-05,5939.2998046875,3384.09912109375,98.73999786376953,0.13881754875183105,63.369998931884766,878.0,2404.0,1051.75
2025-06-06,6000.35986328125,3385.35791015625,99.19000244140625,0.1393728256225586,64.58000183105469,878.0,2365.75,1057.25
2025-06-09,6005.8798828125,3399.77197265625,98.94000244140625,0.13910914957523346,65.29000091552734,881.0,2394.75,1056.0
2025-06-10,6038.81005859375,3384.81591796875,99.05000305175781,0.13927188515663147,64.9800033569336,883.0,2419.25,1057.75
2025-06-11,6022.240234375,3402.31591796875,98.62999725341797,0.13927188515663147,68.1500015258789,862.0,2443.0,1050.5
2025-06-12,6045.259765625,3402.657958984375,97.91999816894531,0.1390279233455658,68.04000091552734,862.0,2439.75,1042.25
2025-06-13,5976.97021484375,3376.99609375,98.18000030517578,0.1390279233455658,72.9800033569336,862.0,2436.0,1069.75
2025-06-16,6033.10986328125,3388.72900390625,98.0,0.13925637304782867,71.7699966430664,864.0,2441.0,1069.75
2025-06-17,5982.72021484375,3387.405029296875,98.81999969482422,0.13929517567157745,74.83999633789062,864.0,2479.5,1074.0
2025-06-18,5980.8701171875,3388.80908203125,98.91000366210938,0.13918852806091309,75.13999938964844,870.0,2503.75,1074.75
2025-06-20,5967.83984375,3359.89501953125,98.70999908447266,0.13912075757980347,74.93000030517578,872.0,2470.75,1068.0
2025-06-23,6025.169921875,3381.58203125,98.41999816894531,0.13912075757980347,68.51000213623047,872.0,2528.5,1058.75
2025-06-24,6092.18017578125,3420.56591796875,97.86000061035156,0.13929517567157745,64.37000274658203,872.0,2507.75,1046.75
2025-06-25,6092.16015625,3455.97412109375,97.68000030517578,0.1394447386264801,64.91999816894531,889.0,2497.25,1025.25
2025-06-26,6141.02001953125,3448.452880859375,97.1500015258789,0.13934563100337982,65.23999786376953,885.0,2510.5,1022.75
2025-06-27,6173.06982421875,3424.22705078125,97.4000015258789,0.13951866328716278,65.5199966430664,883.0,2507.5,1027.75
2025-06-30,6204.9501953125,3444.426025390625,96.87999725341797,0.13942918181419373,65.11000061035156,880.0,2515.25,1024.25
2025-07-01,6198.009765625,3457.7470703125,96.81999969482422,0.13959461450576782,65.44999694824219,883.0,2518.25,1024.75
2025-07-02,6227.419921875,3454.7919921875,96.77999877929688,0.13957707583904266,67.44999694824219,885.0,2530.0,1050.5
2025-07-03,6279.35009765625,3461.15087890625,97.18000030517578,0.13956929743289948,67.0,885.0,2524.75,1056.25
2025-07-07,6229.97998046875,3473.126953125,97.4800033569336,0.13956929743289948,67.93000030517578,879.0,2467.25,1031.75
2025-07-08,6225.52001953125,3497.47509765625,97.51000213623047,0.13938447833061218,68.33000183105469,890.0,2469.5,1024.25
2025-07-09,6263.259765625,3493.050048828125,97.47000122070312,0.13939613103866577,68.37999725341797,882.0,2486.25,1012.25
2025-07-10,6280.4599609375,3509.681884765625,97.6500015258789,0.13927577435970306,66.56999969482422,882.0,2504.5,1012.5
2025-07-11,6259.75,3510.177001953125,97.8499984741211,0.1393767148256302,68.44999694824219,877.0,2491.25,1004.0
2025-07-14,6268.56005859375,3519.64990234375,98.08000183105469,0.1395069807767868,66.9800033569336,881.0,2470.25,997.0
2025-07-15,6243.759765625,3504.9990234375,98.62000274658203,0.13952839374542236,66.5199966430664,881.0,2447.5,995.0
2025-07-16,6263.7001953125,3503.777099609375,98.38999938964844,0.13941362500190735,66.37999725341797,873.0,2433.25,1013.5
2025-07-17,6297.35986328125,3516.824951171875,98.7300033569336,0.13930486142635345,67.54000091552734,875.0,2428.75,1021.5
2025-07-18,6296.7900390625,3534.48291015625,98.4800033569336,0.13921372592449188,67.33999633789062,875.0,2507.25,1027.75
2025-07-21,6305.60009765625,3559.791015625,97.8499984741211,0.13932038843631744,67.19999694824219,874.0,2552.0,1015.0
2025-07-22,6309.6201171875,3581.861083984375,97.38999938964844,0.1393631100654602,66.20999908447266,874.0,2584.25,1010.25
2025-07-23,6358.91015625,3582.298095703125,97.20999908447266,0.13938641548156738,65.25,876.0,2566.75,1005.75
2025-07-24,6363.35009765625,3605.72705078125,97.37999725341797,0.13967455923557281,66.02999877929688,872.0,2564.25,1004.25
2025-07-25,6388.64013671875,3593.655029296875,97.6500015258789,0.13979171216487885,65.16000366210938,871.0,2546.5,998.75
2025-07-28,6389.77001953125,3597.93701171875,98.66000366210938,0.13979171216487885,66.70999908447266,873.0,2533.5,988.75
2025-07-29,6370.85986328125,3609.7109375,98.91000366210938,0.13931845128536224,69.20999908447266,875.0,2507.0,981.75
2025-07-30,6362.89990234375,3615.717041015625,99.94000244140625,0.13934563100337982,70.0,860.0,2502.5,967.75
2025-07-31,6339.39013671875,3573.2080078125,100.02999877929688,0.13934563100337982,69.26000213623047,842.0,2446.75,961.75
2025-08-01,6238.009765625,3559.951904296875,98.69000244140625,0.138885036110878,67.33000183105469,847.0,2432.0,961.75
2025-08-04,6329.93994140625,3583.30908203125,98.77999877929688,0.13866548240184784,66.29000091552734,855.0,2427.0,969.0
2025-08-05,6299.18994140625,3617.597900390625,98.77999877929688,0.13931457698345184,65.16000366210938,850.0,2432.75,969.0
2025-08-06,6345.06005859375,3633.9951171875,98.18000030517578,0.1392098367214203,64.3499984741211,843.0,2483.25,961.5
2025-08-07,6340.0,3639.6669921875,98.4000015258789,0.13922147452831268,63.880001068115234,838.0,2500.0,971.75
2025-08-08,6389.4501953125,3635.1279296875,98.18000030517578,0.13925637304782867,63.880001068115234,835.0,2501.75,966.75
2025-08-11,6373.4501953125,3647.547119140625,98.5199966430664,0.13925637304782867,63.959999084472656,835.0,2469.5,989.5
2025-08-12,6445.759765625,3665.91796875,98.0999984741211,0.13912656903266907,63.16999816894531,834.0,2507.75,1011.75
2025-08-13,6466.580078125,3683.465087890625,97.83999633789062,0.13930486142635345,62.650001525878906,833.0,2510.5,1023.5
2025-08-14,6468.5400390625,3666.443115234375,98.25,0.13938641548156738,63.959999084472656,831.0,2501.5,1008.5
2025-08-15,6449.7998046875,3696.77099609375,97.8499984741211,0.13928546011447906,62.79999923706055,832.0,2480.75,1022.25
2025-08-18,6449.14990234375,3728.027099609375,98.16999816894531,0.13924279808998108,63.41999816894531,832.0,2458.5,1020.75
2025-08-19,6411.3701171875,3727.2880859375,98.2699966430664,0.13918659090995789,62.349998474121094,832.0,2428.0,1013.0
2025-08-20,6395.77978515625,3766.2099609375,98.22000122070312,0.13923892378807068,63.209999084472656,834.0,2459.75,1015.0
2025-08-21,6370.169921875,3771.09912109375,98.62000274658203,0.1393592208623886,63.52000045776367,831.0,2484.5,1034.5
2025-08-22,6466.91015625,3825.759033203125,97.72000122070312,0.13927769660949707,63.65999984741211,832.0,2505.25,1036.5
2025-08-25,6439.31982421875,3883.56201171875,98.43000030517578,0.13951866328716278,64.80000305175781,832.0,2527.0,1025.5
2025-08-26,6465.93994140625,3868.382080078125,98.2300033569336,0.13984058797359467,63.25,831.0,2541.25,1028.75
2025-08-27,6481.39990234375,3800.35009765625,98.2300033569336,0.13982102274894714,64.1500015258789,813.0,2506.0,1027.25
2025-08-28,6501.85986328125,3843.596923828125,97.80999755859375,0.139801487326622,64.5999984741211,810.0,2516.25,1028.25
2025-08-29,6460.259765625,3857.927001953125,97.7699966430664,0.139801487326622,64.01000213623047,793.0,2514.75,1036.75
2025-09-02,6415.5400390625,3858.133056640625,98.4000015258789,0.14024458825588226,65.58999633789062,795.0,2514.5,1025.75
2025-09-03,6448.259765625,3813.556884765625,98.13999938964844,0.14007563889026642,63.970001220703125,799.0,2505.5,1016.0
2025-09-04,6502.080078125,3765.8759765625,98.3499984741211,0.14002856612205505,63.47999954223633,800.0,2488.75,1012.0
2025-09-05,6481.5,3812.513916015625,97.7699966430664,0.14002856612205505,61.869998931884766,799.0,2495.25,1006.5
2025-09-08,6495.14990234375,3826.841064453125,97.44999694824219,0.1402032971382141,62.2599983215332,808.0,2511.0,1013.5
2025-09-09,6512.60986328125,3807.2919921875,97.79000091552734,0.14026622474193573,62.630001068115234,799.0,2516.0,1011.5
2025-09-10,6532.0400390625,3812.220947265625,97.77999877929688,0.14043168723583221,63.66999816894531,805.0,2518.25,1005.5
2025-09-11,6587.47021484375,3875.30908203125,97.54000091552734,0.14043563604354858,62.369998931884766,810.0,2587.75,1015.25
2025-09-12,6584.2900390625,3870.597900390625,97.55000305175781,0.14048101007938385,62.689998626708984,808.0,2583.75,1025.75
2025-09-15,6615.27978515625,3860.50390625,97.30000305175781,0.14036664366722107,63.29999923706055,808.0,2591.0,1042.75
2025-09-16,6606.759765625,3861.864990234375,96.62999725341797,0.14047902822494507,64.5199966430664,810.0,2614.75,1049.75
2025-09-17,6600.35009765625,3876.341064453125,96.87000274658203,0.1405639350414276,64.05000305175781,813.0,2583.75,1043.75
2025-09-18,6631.9599609375,3831.656005859375,97.3499984741211,0.14077962934970856,63.56999969482422,813.0,2579.0,1037.5
2025-09-19,6664.35986328125,3820.089111328125,97.63999938964844,0.140589639544487,62.68000030517578,812.0,2559.75,1025.5
2025-09-22,6693.75,3828.575927734375,97.33000183105469,0.140589639544487,62.63999938964844,811.0,2530.25,1011.0
2025-09-23,6656.919921875,3821.8330078125,97.26000213623047,0.14056789875030518,63.40999984741211,809.0,2522.0,1012.0
2025-09-24,6637.97021484375,3853.64208984375,97.87000274658203,0.1406153291463852,64.98999786376953,823.0,2533.5,1009.0
2025-09-25,6604.72021484375,3853.302001953125,98.55000305175781,0.1402229517698288,64.9800033569336,818.0,2551.0,1012.25
2025-09-26,6643.7001953125,3828.10595703125,98.1500015258789,0.14017774164676666,65.72000122070312,805.0,2544.75,1013.75
2025-09-29,6661.2099609375,3862.531982421875,97.91000366210938,0.14019739627838135,63.45000076293945,802.0,2583.5,1010.5
2025-09-30,6688.4599609375,3882.777099609375,97.7699966430664,0.1404612809419632,62.369998931884766,800.0,2594.0,1001.75
2025-10-01,6711.2001953125,,97.70999908447266,0.14046916365623474,61.779998779296875,806.0,2597.5,1013.0
2025-10-02,6715.35009765625,,97.8499984741211,0.14046916365623474,60.47999954223633,805.0,2596.5,1023.75
2025-10-03,6715.7900390625,,97.72000122070312,0.14046916365623474,60.880001068115234,804.0,2612.75,1018.0
2025-10-06,6740.27978515625,,98.11000061035156,0.14046916365623474,61.689998626708984,801.0,2636.25,1017.75
2025-10-07,6714.58984375,,98.58000183105469,0.14046916365623474,61.72999954223633,805.0,2662.0,1022.0
2025-10-08,6753.72021484375,,98.8499984741211,0.14046916365623474,62.54999923706055,813.0,2681.25,1029.5
2025-10-09,6735.10986328125,3933.971923828125,99.54000091552734,0.14047902822494507,61.5099983215332,813.0,2727.75,1022.25
2025-10-10,6552.509765625,3897.028076171875,98.9800033569336,0.1403016448020935,58.900001525878906,814.0,2603.5,1006.75
2025-10-13,6654.72021484375,3889.501953125,99.2699966430664,0.14084507524967194,59.4900016784668,814.0,2653.5,1007.75
2025-10-14,6644.31005859375,3865.22900390625,99.05000305175781,0.14084507524967194,58.70000076293945,813.0,2636.0,1006.5
2025-10-15,6671.06005859375,3912.208984375,98.79000091552734,0.14008741080760956,58.27000045776367,813.0,2643.0,1006.5
2025-10-16,6629.06982421875,3916.22802734375,98.38999938964844,0.14032724499702454,57.459999084472656,815.0,2686.25,1010.75
2025-10-17,6664.009765625,3839.7548828125,98.43000030517578,0.1403902769088745,57.540000915527344,814.0,2683.0,1019.5
2025-10-20,6735.1298828125,3863.89306640625,98.58999633789062,0.14032331109046936,57.52000045776367,812.0,2689.25,1031.75
2025-10-21,6735.35009765625,3916.33203125,98.93000030517578,0.14045929908752441,57.81999969482422,813.0,2681.25,1030.75
2025-10-22,6699.39990234375,3913.758056640625,98.9000015258789,0.14041393995285034,58.5,813.0,2708.0,1034.75
2025-10-23,6738.43994140625,3922.409912109375,98.94000244140625,0.14033709466457367,61.790000915527344,813.0,2768.75,1044.75
2025-10-24,6791.68994140625,3950.31201171875,98.94999694824219,0.14033709466457367,61.5,813.0,2776.75,1041.75
2025-10-27,6875.16015625,3996.945068359375,98.77999877929688,0.14042773842811584,61.310001373291016,814.0,2800.25,1067.25
2025-10-28,6890.89013671875,3988.22412109375,98.69000244140625,0.14064301550388336,60.150001525878906,814.0,2821.5,1078.25
2025-10-29,6890.58984375,4016.3310546875,99.22000122070312,0.1408688724040985,60.47999954223633,847.0,2829.25,1080.25
2025-10-30,6822.33984375,3986.90087890625,99.52999877929688,0.14086490869522095,60.56999969482422,850.0,2815.25,1091.25
2025-10-31,6840.2001953125,3954.7900390625,99.80000305175781,0.1406509280204773,60.97999954223633,851.0,2824.75,1099.75
2025-11-03,6851.97021484375,3976.52099609375,99.87000274658203,0.14051061868667603,61.04999923706055,848.0,2852.25,1119.75
2025-11-04,6771.5498046875,3960.18603515625,100.22000122070312,0.13943500816822052,60.560001373291016,848.0,2778.25,1108.25
2025-11-05,6796.2900390625,3969.248046875,100.19999694824219,0.14026229083538055,59.599998474121094,845.0,2762.75,1119.75
2025-11-06,6720.31982421875,4007.760009765625,99.7300033569336,0.1403311789035797,59.43000030517578,847.0,2771.5,1091.75
2025-11-07,6728.7998046875,3997.555908203125,99.5999984741211,0.14047706127166748,59.75,847.0,2775.0,1101.75
2025-11-10,6832.43017578125,4018.596923828125,99.62000274658203,0.14047706127166748,60.130001068115234,851.0,2803.0,1116.0
2025-11-11,6846.60986328125,4002.758056640625,99.45999908447266,0.14046324789524078,61.040000915527344,852.0,2786.0,1113.25
2025-11-12,6850.919921875,4000.139892578125,99.4800033569336,0.14046324789524078,58.4900016784668,855.0,2815.75,1120.5
2025-11-13,6737.490234375,4029.5009765625,99.18000030517578,0.14046324789524078,58.689998626708984,855.0,2830.0,1132.0
2025-11-14,6734.10986328125,3990.491943359375,99.2699966430664,0.14060743153095245,60.09000015258789,855.0,2786.5,1112.75
2025-11-17,6672.41015625,3972.034912109375,99.58999633789062,0.14086094498634338,59.90999984741211,855.0,2732.25,1157.25
2025-11-18,6617.31982421875,3939.81298828125,99.55000305175781,0.1406964510679245,60.7400016784668,856.0,2684.0,1153.5
2025-11-19,6642.16015625,3946.741943359375,100.2300033569336,0.1406964510679245,59.439998626708984,855.0,2713.5,1136.25
2025-11-20,6538.759765625,3931.051025390625,100.16000366210938,0.1406964510679245,59.13999938964844,856.0,2728.75,1122.5
2025-11-21,6602.990234375,3834.89111328125,100.18000030517578,0.1406964510679245,58.060001373291016,857.0,2695.25,1125.0
2025-11-24,6705.1201171875,3836.764892578125,100.13999938964844,0.14071427285671234,58.84000015258789,855.0,2740.5,1123.25
2025-11-25,6765.8798828125,3870.02294921875,99.66000366210938,0.14080144464969635,57.95000076293945,854.0,2725.0,1124.75
2025-11-26,6812.60986328125,3864.18408203125,99.5999984741211,0.1411532312631607,58.650001525878906,904.0,2790.25,1131.5
2025-11-28,6849.08984375,3888.595947265625,99.45999908447266,0.14132677018642426,58.54999923706055,908.0,2808.0,1137.75
2025-12-01,6812.6298828125,3914.006103515625,99.41000366210938,0.14134076237678528,59.31999969482422,903.0,2843.25,1128.0
2025-12-02,6829.3701171875,3897.7119140625,99.36000061035156,0.14140871167182922,58.63999938964844,901.0,2849.75,1124.75
2025-12-03,6849.72021484375,3878.0,98.8499984741211,0.14144271612167358,58.95000076293945,906.0,2867.5,1115.75
2025-12-04,6857.1201171875,3875.79296875,98.98999786376953,0.14157086610794067,59.66999816894531,906.0,2877.75,1119.5
2025-12-05,6870.39990234375,3902.80810546875,98.98999786376953,0.14141471683979034,60.08000183105469,908.0,2861.0,1105.25
2025-12-08,6846.509765625,3924.077880859375,99.08999633789062,0.14145071804523468,58.880001068115234,908.0,2837.25,1093.75
2025-12-09,6840.509765625,3909.52099609375,99.22000122070312,0.14142270386219025,58.25,910.0,2796.25,1087.25
2025-12-10,6886.68017578125,3900.49609375,98.79000091552734,0.141576886177063,58.459999084472656,906.0,2804.5,1091.25
2025-12-11,6901.0,3873.318115234375,98.3499984741211,0.14156284928321838,57.599998474121094,907.0,2825.0,1093.5
2025-12-12,6827.41015625,3889.345947265625,98.4000015258789,0.14168520271778107,57.439998626708984,907.0,2788.0,1076.75
2025-12-15,6816.509765625,3867.9208984375,98.1500015258789,0.14176353812217712,56.81999969482422,907.0,2763.5,1071.75
2025-12-16,6800.259765625,3824.81201171875,98.1500015258789,0.14190435409545898,55.27000045776367,907.0,2775.75,1062.75
2025-12-17,6721.43017578125,3870.278076171875,98.37000274658203,0.14201116561889648,55.939998626708984,907.0,2816.0,1058.25
2025-12-18,6774.759765625,3876.37109375,98.43000030517578,0.1419849395751953,56.150001525878906,907.0,2823.75,1052.25
2025-12-19,6834.5,3890.447998046875,98.5999984741211,0.1420353651046753,56.65999984741211,907.0,2868.0,1049.25
2025-12-22,6878.490234375,3917.364013671875,98.29000091552734,0.14202728867530823,58.0099983215332,908.0,2850.25,1053.25
2025-12-23,6909.7900390625,3919.97900390625,97.94000244140625,0.14202728867530823,58.380001068115234,908.0,2857.5,1051.5
2025-12-24,6932.0498046875,3940.947021484375,97.9800033569336,0.1422879993915558,58.349998474121094,906.0,2865.75,1063.25
2025-12-26,6929.93994140625,3963.678955078125,98.0199966430664,0.1422879993915558,56.7400016784668,906.0,2924.75,1058.75
2025-12-29,6905.740234375,3965.280029296875,98.04000091552734,0.1422879993915558,58.08000183105469,906.0,2835.5,1049.5
2025-12-30,6896.240234375,3965.115966796875,98.23999786376953,0.14274294674396515,57.95000076293945,904.0,2899.25,1046.25
2025-12-31,6845.5,3968.840087890625,98.27999877929688,0.14293678104877472,57.41999816894531,935.0,2906.25,1030.5
2026-01-02,6858.47021484375,,98.41999816894531,0.14293678104877472,57.31999969482422,940.0,2938.0,1029.5
2026-01-05,6902.0498046875,4023.4169921875,98.2699966430664,0.1429980993270874,58.31999969482422,933.0,3010.0,1047.25
2026-01-06,6944.81982421875,4083.6669921875,98.58000183105469,0.1431024670600891,57.130001068115234,930.0,3053.75,1042.0
2026-01-07,6920.93017578125,4085.77197265625,98.68000030517578,0.1431967318058014,55.9900016784668,938.0,2993.75,1052.75
2026-01-08,6921.4599609375,4082.97900390625,98.93000030517578,0.1429286003112793,57.7599983215332,938.0,3001.25,1047.0
2026-01-09,6966.27978515625,4120.42578125,99.12999725341797,0.14319467544555664,59.119998931884766,940.0,3037.0,1048.5
2026-01-12,6977.27001953125,4165.287109375,98.86000061035156,0.14332397282123566,59.5,943.0,3086.25,1033.0
2026-01-13,6963.740234375,4138.7578125,99.12999725341797,0.14340823888778687,61.150001525878906,942.0,3102.75,1023.25
2026-01-14,6926.60009765625,4126.0927734375,99.12999725341797,0.1433178037405014,62.02000045776367,939.0,3086.75,1030.5
2026-01-15,6944.47021484375,4112.60107421875,99.31999969482422,0.14341029524803162,59.189998626708984,939.0,3069.5,1053.0
2026-01-16,6940.009765625,4101.9130859375,99.38999938964844,0.14355440437793732,59.439998626708984,939.0,3034.75,1057.75
2026-01-20,6796.85986328125,4113.64892578125,98.63999938964844,0.14351114630699158,60.34000015258789,940.0,3015.75,1053.0
2026-01-21,6875.6201171875,4116.93994140625,98.76000213623047,0.14368022978305817,60.619998931884766,941.0,3032.25,1064.5
2026-01-22,6913.35009765625,4122.576171875,98.36000061035156,0.14360181987285614,59.36000061035156,943.0,3060.75,1064.0
2026-01-23,6915.60986328125,4136.1640625,97.5999984741211,0.14341852068901062,61.06999969482422,942.0,3097.5,1067.75
2026-01-26,6950.22998046875,4132.60498046875,97.04000091552734,0.14341852068901062,60.630001068115234,942.0,3137.0,1061.75
2026-01-27,6978.60009765625,4139.90380859375,96.22000122070312,0.14379799365997314,62.38999938964844,942.0,3111.5,1067.25
2026-01-28,6978.02978515625,4151.23779296875,96.44999694824219,0.1437917798757553,63.209999084472656,972.0,3165.75,1075.0
2026-01-29,6969.009765625,4157.98388671875,96.27999877929688,0.1437917798757553,65.41999816894531,972.0,3138.5,1072.25
2026-01-30,6939.02978515625,4117.9482421875,96.98999786376953,0.14392630755901337,65.20999908447266,972.0,3034.5,1064.25
2026-02-02,6976.43994140625,4015.74609375,97.61000061035156,0.14386418461799622,62.13999938964844,972.0,2926.75,1060.25
2026-02-03,6917.81005859375,4067.738037109375,97.44000244140625,0.14396153390407562,63.209999084472656,971.0,3015.0,1065.75
2026-02-04,6882.72021484375,4102.2021484375,97.62000274658203,0.14413999021053314,65.13999938964844,976.0,2973.25,1092.25
2026-02-05,6798.39990234375,4075.9169921875,97.81999969482422,0.14413999021053314,63.290000915527344,973.0,2925.25,1112.25
2026-02-06,6932.2998046875,4065.5830078125,97.62999725341797,0.1441379189491272,63.54999923706055,977.0,3004.0,1115.25
2026-02-09,6964.81982421875,4123.08984375,96.81999969482422,0.14411714673042297,64.36000061035156,977.0,3028.75,1110.75
2026-02-10,6941.81005859375,4128.373046875,96.80000305175781,0.14446692168712616,63.959999084472656,976.0,3001.0,1122.5
2026-02-11,6941.47021484375,4131.98486328125,96.83000183105469,0.14470523595809937,64.62999725341797,976.0,3023.0,1124.0
2026-02-12,6832.759765625,4134.01806640625,96.93000030517578,0.14466546475887299,62.84000015258789,980.0,3026.75,1137.25
2026-02-13,6836.169921875,4082.072998046875,96.87999725341797,0.14492543041706085,62.88999938964844,979.0,3015.75,1133.0
2026-02-17,6843.22021484375,,97.16000366210938,0.14475969970226288,62.33000183105469,980.0,2971.5,1134.0
2026-02-18,6881.31005859375,,97.69999694824219,0.14475969970226288,65.19000244140625,982.0,3017.0,1133.5
2026-02-19,6861.89013671875,,97.93000030517578,0.14475969970226288,66.43000030517578,982.0,2992.5,1141.0
2026-02-20,6909.509765625,,97.80000305175781,0.14475759863853455,66.38999938964844,981.0,3021.75,1137.5
2026-02-23,6837.75,,97.69999694824219,0.14475969970226288,66.30999755859375,984.0,3014.75,1134.25
2026-02-24,6890.06982421875,4117.4091796875,97.87999725341797,0.14475969970226288,65.62999725341797,984.0,3020.75,1139.5
2026-02-25,6946.1298828125,4147.22998046875,97.69999694824219,0.14528337121009827,65.41999816894531,1007.0,3081.75,1148.25
2026-02-26,6908.85986328125,4146.630859375,97.79000091552734,0.1455773562192917,65.20999908447266,1016.0,3071.75,1147.75
2026-02-27,6878.8798828125,4162.880859375,97.61000061035156,0.14617960155010223,67.0199966430664,1017.0,3044.25,1157.25
2026-03-02,6881.6201171875,4182.5908203125,98.37999725341797,0.14581723511219025,71.2300033569336,1015.0,3109.25,1150.0
2026-03-03,6816.6298828125,4122.67578125,99.05000305175781,0.14530660212039948,74.55999755859375,1016.0,3165.75,1155.75
2026-03-04,6869.5,4082.47412109375,98.7699966430664,0.14493383467197418,74.66000366210938,1014.0,3279.75,1154.5
2026-03-05,6830.7099609375,4108.56689453125,99.31999969482422,0.14499057829380035,81.01000213623047,1016.0,3215.75,1163.75
2026-03-06,6740.02001953125,4124.19384765625,98.98999786376953,0.14499057829380035,90.9000015258789,1018.0,3327.5,1185.0
2026-03-09,6795.990234375,4096.60302734375,99.18000030517578,0.14500108361244202,94.7699966430664,1017.0,3292.0,1180.5
2026-03-10,6781.47998046875,4123.13818359375,98.83000183105469,0.14469686150550842,83.44999694824219,1018.0,3322.0,1187.25
2026-03-11,6775.7998046875,4133.43310546875,99.2300033569336,0.1454228162765503,87.25,1017.0,3369.5,1200.5
2026-03-12,6672.6201171875,4129.10302734375,99.73999786376953,0.1456558108329773,95.7300033569336,1017.0,3464.0,1213.0
2026-03-13,6632.18994140625,4095.447998046875,100.36000061035156,0.14558371901512146,98.70999908447266,1011.0,3383.25,1211.0
2026-03-16,6699.3798828125,4084.785888671875,99.70999908447266,0.14500950276851654,93.5,1016.0,3289.5,1155.25
2026-03-17,6716.08984375,4049.906982421875,99.58000183105469,0.14377111196517944,96.20999908447266,1015.0,3291.5,1157.0
2026-03-18,6624.7001953125,4062.98388671875,100.08999633789062,0.14521586894989014,96.31999969482422,1014.0,3282.25,1161.75
2026-03-19,6606.490234375,4006.552001953125,99.2300033569336,0.14550533890724182,96.13999938964844,1009.0,3119.75,1168.5
2026-03-20,6506.47998046875,3957.052978515625,99.6500015258789,0.14493173360824585,98.31999969482422,1012.0,3102.0,1161.25
2026-03-23,6581.0,3813.282958984375,98.94999694824219,0.14522850513458252,88.12999725341797,1009.0,3076.0,1163.5
2026-03-24,6556.3701171875,3881.280029296875,99.43000030517578,0.14534883201122284,92.3499984741211,1009.0,3138.0,1155.0
2026-03-25,6591.89990234375,3931.8369140625,99.5999984741211,0.14509998261928558,90.31999969482422,1047.0,3135.0,1171.75
2026-03-26,6477.16015625,3889.0830078125,99.9000015258789,0.14490653574466705,94.4800033569336,1045.0,3161.5,1173.75
2026-03-27,6368.85009765625,3913.72412109375,100.1500015258789,0.14470314979553223,99.63999938964844,1041.0,3187.5,1159.25
2026-03-30,6343.72021484375,3923.287109375,100.51000213623047,0.144684299826622,102.87999725341797,1048.0,3336.25,1159.75
2026-03-31,6528.52001953125,3891.861083984375,99.95999908447266,0.144684299826622,101.37999725341797,1048.0,3405.5,1171.0
2026-04-01,6575.31982421875,3948.552001953125,99.6500015258789,0.14504946768283844,100.12000274658203,1049.0,3452.25,1168.5
2026-04-02,6582.68994140625,3919.284912109375,100.02999877929688,0.14554981887340546,111.54000091552734,1051.0,3411.0,1163.5
2026-04-06,6611.830078125,,99.9800033569336,0.14529815316200256,112.41000366210938,1051.0,3422.0,1166.75
2026-04-07,6616.85009765625,3890.1650390625,99.63999938964844,0.1453002691268921,112.94999694824219,1048.0,3396.75,1158.25
2026-04-08,6782.81005859375,3994.998046875,99.12999725341797,0.1458427608013153,94.41000366210938,1046.0,3374.25,1162.0
2026-04-09,6824.66015625,3966.1708984375,98.81999969482422,0.1464407593011856,97.87000274658203,1046.0,3373.75,1165.25
2026-04-10,6816.89013671875,3986.22509765625,98.6500015258789,0.1463828831911087,96.56999969482422,1046.0,3429.75,1175.75
2026-04-13,6886.240234375,3988.55810546875,98.37000274658203,0.14646007120609283,99.08000183105469,1046.0,3582.0,1162.25
